name;link;parameters;city;price_rub
Geely Emgrand EC7, 2013;https://auto.drom.ru/omsk/geely/emgrand/826395034.html;1.8 л (126 л.с.), бензин, вариатор, передний, 147 000 км;Омск;529 000₽
Geely Emgrand EC7, 2013;https://auto.drom.ru/ekaterinburg/geely/emgrand/892079345.html;1.8 л (126 л.с.), бензин, механика, передний, 156 500 км;Екатеринбург;390 000₽
Geely Emgrand EC7, 2013;https://auto.drom.ru/volgograd/geely/emgrand/481057043.html;1.5 л (98 л.с.), бензин, механика, передний, 146 521 км;Волгоград;539 000₽
Geely Emgrand EC7, 2012;https://auto.drom.ru/simferopol/geely/emgrand/480445122.html;1.8 л (126 л.с.), бензин, механика, передний, 122 000 км;Симферополь;700 000₽
Geely Emgrand EC7, 2013;https://auto.drom.ru/saratov/geely/emgrand/898082307.html;1.8 л (126 л.с.), бензин, механика, передний, 175 000 км;Саратов;290 000₽
Geely Emgrand EC7, 2016;https://auto.drom.ru/saratov/geely/emgrand/302453412.html;1.8 л (126 л.с.), бензин, механика, передний, 102 000 км;Саратов;725 000₽
Geely Emgrand EC7, 2013;https://auto.drom.ru/kemerovo/geely/emgrand/439696011.html;1.8 л (126 л.с.), бензин, механика, передний, 126 994 км;Кемерово;459 999₽
Geely Emgrand EC7, 2019;https://auto.drom.ru/surgut/geely/emgrand/871004110.html;1.5 л (103 л.с.), бензин, механика, передний, 64 000 км;Сургут;870 000₽
Geely Emgrand EC7, 2013;https://auto.drom.ru/vologda/geely/emgrand/270878866.html;1.8 л (126 л.с.), бензин, механика, передний;Вологда;370 000₽
Geely Emgrand EC7, 2016;https://auto.drom.ru/simferopol/geely/emgrand/914538924.html;1.8 л (129 л.с.), бензин, вариатор, передний;Симферополь;760 000₽
Geely Emgrand EC7, 2014;https://auto.drom.ru/simferopol/geely/emgrand/551630137.html;1.5 л (98 л.с.), бензин, механика, передний;Симферополь;450 000₽
Geely Emgrand EC7, 2013;https://auto.drom.ru/orenburg/geely/emgrand/105100076.html;1.8 л (126 л.с.), бензин, механика, передний, 220 000 км;Оренбург;380 000₽
Geely Emgrand EC7, 2013;https://auto.drom.ru/cheboksary/geely/emgrand/491507228.html;1.5 л (98 л.с.), бензин, механика, передний, 125 000 км;Чебоксары;500 000₽
Geely Emgrand EC7, 2019;https://auto.drom.ru/omsk/geely/emgrand/540127001.html;1.8 л (133 л.с.), бензин, вариатор, передний, 43 000 км;Омск;1 200 000₽
Geely Emgrand EC7, 2013;https://auto.drom.ru/kazan/geely/emgrand/210847184.html;1.5 л (98 л.с.), бензин, механика, передний, 104 771 км;Казань;400 000₽
Geely Emgrand EC7, 2011;https://auto.drom.ru/simferopol/geely/emgrand/331742700.html;1.8 л (126 л.с.), бензин, механика, передний, 227 343 км;Симферополь;550 000₽
Geely Emgrand EC7, 2013;https://auto.drom.ru/mamontovo/geely/emgrand/149081335.html;1.5 л (98 л.с.), бензин, механика, передний, 100 000 км;Мамонтово;650 000₽
Geely Emgrand EC7, 2014;https://auto.drom.ru/omsk/geely/emgrand/820331057.html;1.8 л (126 л.с.), бензин, вариатор, передний, 70 000 км;Омск;689 000₽
Geely Emgrand EC7, 2014;https://auto.drom.ru/naberezhnye-chelny/geely/emgrand/310010346.html;1.5 л (98 л.с.), бензин, механика, передний, 128 888 км;Набережные Челны;280 000₽
Geely Emgrand EC7, 2019;https://auto.drom.ru/feodosiya/geely/emgrand/549308562.html;1.8 л (133 л.с.), бензин, механика, передний, 87 000 км;Феодосия;1 170 000₽
Geely Emgrand EC7, 2014;https://auto.drom.ru/noviy-oskol/geely/emgrand/872539105.html;1.8 л (126 л.с.), бензин, механика, передний;Новый Оскол;365 000₽
Geely Emgrand EC7, 2014;https://auto.drom.ru/anapa/geely/emgrand/493791226.html;1.8 л (126 л.с.), бензин, механика, передний, 600 000 км;Анапа;570 000₽
Geely Emgrand EC7, 2013;https://auto.drom.ru/chelyabinsk/geely/emgrand/186326053.html;1.5 л (98 л.с.), бензин, механика, передний, 85 000 км;Челябинск;450 000₽
Geely Emgrand EC7, 2013;https://auto.drom.ru/omsk/geely/emgrand/340066292.html;1.8 л (126 л.с.), бензин, вариатор, передний, 47 700 км;Омск;490 000₽
Geely Emgrand EC7, 2014;https://auto.drom.ru/omsk/geely/emgrand/732266429.html;1.5 л (98 л.с.), бензин, механика, передний, 176 000 км;Омск;425 000₽
Geely Emgrand EC7, 2013;https://auto.drom.ru/omsk/geely/emgrand/313162738.html;1.8 л (126 л.с.), бензин, механика, передний, 145 000 км;Омск;445 000₽
Geely Emgrand EC7, 2014;https://auto.drom.ru/barnaul/geely/emgrand/233635542.html;1.8 л (126 л.с.), бензин, вариатор, передний, 15 000 км;Барнаул;700 000₽
Geely Emgrand EC7, 2013;https://auto.drom.ru/abakan/geely/emgrand/399181703.html;1.8 л (126 л.с.), бензин, вариатор, передний, 135 000 км;Абакан;599 000₽
Geely Emgrand EC7, 2013;https://auto.drom.ru/simferopol/geely/emgrand/686557673.html;1.8 л (126 л.с.), бензин, вариатор, передний, 177 800 км;Симферополь;510 000₽
Geely Emgrand EC7, 2013;https://auto.drom.ru/ishim/geely/emgrand/679378834.html;1.5 л (98 л.с.), бензин, механика, передний, 320 000 км;Ишим;420 000₽
Geely Emgrand EC7, 2016;https://auto.drom.ru/ufa/geely/emgrand/676712172.html;1.8 л (126 л.с.), бензин, вариатор, передний, 162 900 км;Уфа;610 000₽
Geely Emgrand EC7, 2013;https://auto.drom.ru/polysaevo/geely/emgrand/672432490.html;1.8 л (126 л.с.), бензин, механика, передний, 255 000 км;Полысаево;360 000₽
Geely Emgrand EC7, 2013;https://auto.drom.ru/tyumen/geely/emgrand/486211118.html;1.8 л (126 л.с.), бензин, механика, передний, 101 200 км;Тюмень;400 000₽
Geely Emgrand EC7, 2013;https://auto.drom.ru/ekaterinburg/geely/emgrand/464358049.html;1.5 л (98 л.с.), бензин, механика, передний, 130 000 км;Екатеринбург;600 000₽
Geely Emgrand EC7, 2014;https://auto.drom.ru/barnaul/geely/emgrand/446347624.html;1.8 л (126 л.с.), бензин, вариатор, передний, 130 000 км;Барнаул;595 000₽
Geely Emgrand EC7, 2013;https://auto.drom.ru/lenino-krym/geely/emgrand/385453380.html;1.8 л (126 л.с.), бензин, механика, передний, 248 339 км;Ленино;650 000₽
Geely Emgrand EC7, 2014;https://auto.drom.ru/chelyabinsk/geely/emgrand/330396482.html;1.5 л (98 л.с.), бензин, механика, передний, 215 000 км;Челябинск;333 000₽
Geely Emgrand EC7, 2014;https://auto.drom.ru/tyumen/geely/emgrand/276109684.html;1.5 л (98 л.с.), бензин, механика, передний, 187 000 км;Тюмень;425 000₽
Geely Emgrand EC7, 2014;https://auto.drom.ru/demidov/geely/emgrand/237456193.html;1.8 л (126 л.с.), бензин, механика, передний, 139 000 км;Демидов;250 000₽
Geely Emgrand EC7, 2014;https://auto.drom.ru/omsk/geely/emgrand/134359836.html;1.5 л (98 л.с.), бензин, механика, передний, 135 000 км;Омск;359 000₽
Geely Emgrand EC7, 2013;https://auto.drom.ru/salsk/geely/emgrand/53099518.html;1.8 л (126 л.с.), бензин, механика, передний, 157 000 км;Сальск;799 900₽
Geely Emgrand EC7, 2016;https://auto.drom.ru/almetievsk/geely/emgrand/915114496.html;1.8 л (126 л.с.), бензин, вариатор, передний, 187 240 км;Альметьевск;646 600₽
Geely Emgrand EC7, 2013;https://auto.drom.ru/chernomorskoe/geely/emgrand/615269795.html;1.8 л (126 л.с.), бензин, механика, передний, 200 км;Черноморское;599 999₽
Geely Emgrand EC7, 2013;https://auto.drom.ru/ekaterinburg/geely/emgrand/561081391.html;1.8 л (126 л.с.), бензин, вариатор, передний, 195 000 км;Екатеринбург;400 000₽
Geely Emgrand EC7, 2014;https://auto.drom.ru/simferopol/geely/emgrand/166859189.html;1.8 л (126 л.с.), бензин, механика, передний, 130 000 км;Симферополь;790 000₽
Geely Emgrand EC7, 2014;https://auto.drom.ru/magnitogorsk/geely/emgrand/895139098.html;1.8 л (126 л.с.), бензин, вариатор, передний, 157 851 км;Магнитогорск;540 000₽
Geely Emgrand EC7, 2013;https://auto.drom.ru/orenburg/geely/emgrand/105426774.html;1.8 л (126 л.с.), бензин, вариатор, передний, 184 970 км;Оренбург;319 000₽
Geely Emgrand EC7, 2014;https://auto.drom.ru/barnaul/geely/emgrand/561762040.html;1.8 л (126 л.с.), бензин, вариатор, передний, 166 000 км;Барнаул;470 000₽
Geely Emgrand EC7, 2013;https://auto.drom.ru/krasnodar/geely/emgrand/760779129.html;1.8 л (126 л.с.), бензин, механика, передний, 177 000 км;Краснодар;560 000₽
Geely Emgrand EC7, 2014;https://auto.drom.ru/omsk/geely/emgrand/421378983.html;1.5 л (98 л.с.), бензин, механика, передний, 198 000 км;Омск;300 000₽
Geely Emgrand EC7, 2013;https://auto.drom.ru/anapa/geely/emgrand/708317948.html;1.5 л (98 л.с.), бензин, механика, передний, 114 000 км,  черный;Анапа;500 000₽
Geely Emgrand EC7, 2013;https://auto.drom.ru/krasnodar/geely/emgrand/759949479.html;1.5 л (98 л.с.), бензин, механика, передний, 153 000 км;Краснодар;490 000₽
Geely Emgrand EC7, 2013;https://auto.drom.ru/ulyanovsk/geely/emgrand/667108193.html;1.5 л (98 л.с.), бензин, механика, передний, 101 125 км;Ульяновск;485 000₽
Geely Emgrand EC7, 2013;https://auto.drom.ru/novosibirsk/geely/emgrand/749459723.html;1.8 л (126 л.с.), бензин, механика, передний, 157 405 км;Новосибирск;480 000₽
Geely Emgrand EC7, 2013;https://auto.drom.ru/noyabrsk/geely/emgrand/347338150.html;1.5 л (98 л.с.), бензин, механика, передний, 175 999 км;Ноябрьск;400 000₽
Geely Emgrand EC7, 2014;https://auto.drom.ru/barnaul/geely/emgrand/538929563.html;1.5 л (98 л.с.), бензин, механика, передний, 42 000 км;Барнаул;599 000₽
Geely Emgrand EC7, 2020;https://auto.drom.ru/minsk/geely/emgrand/820406570.html;1.8 л (133 л.с.), бензин, механика, передний, 117 000 км;Минск;652 000₽
Geely Emgrand EC7, 2016;https://auto.drom.ru/krasnoyarsk/geely/emgrand/687204835.html;1.8 л (129 л.с.), бензин, вариатор, передний, 101 000 км;Красноярск;995 000₽
Geely Emgrand EC7, 2014;https://auto.drom.ru/minvody/geely/emgrand/501177777.html;1.8 л (126 л.с.), бензин, вариатор, передний, 204 000 км;Минеральные Воды;380 000₽
Geely Emgrand EC7, 2014;https://auto.drom.ru/irbit/geely/emgrand/222379530.html;1.8 л (126 л.с.), бензин, механика, передний, 153 906 км;Ирбит;370 000₽
Geely Emgrand EC7, 2013;https://auto.drom.ru/abakan/geely/emgrand/199417440.html;1.8 л (126 л.с.), бензин, механика, передний, 161 000 км;Абакан;485 000₽
Geely Emgrand EC7, 2016;https://auto.drom.ru/sevastopol/geely/emgrand/103491700.html;1.5 л (106 л.с.), бензин, механика, передний, 185 000 км;Севастополь;750 000₽
Geely Emgrand EC7, 2014;https://auto.drom.ru/pyatigorsk/geely/emgrand/309563190.html;1.5 л (98 л.с.), бензин, механика, передний, 180 000 км;Пятигорск;460 000₽
Geely Emgrand EC7, 2013;https://auto.drom.ru/feodosiya/geely/emgrand/199127708.html;1.5 л (98 л.с.), бензин, механика, передний, 290 000 км,  серебристый;Феодосия;380 000₽
Geely Emgrand EC7, 2019;https://auto.drom.ru/spb/geely/emgrand/822117073.html;1.8 л (133 л.с.), бензин, вариатор, передний, 97 000 км;Санкт-Петербург;1 050 000₽
Geely Emgrand EC7, 2014;https://auto.drom.ru/krasnogvardeyskoe/geely/emgrand/358042568.html;1.5 л (98 л.с.), бензин, механика, передний, 250 000 км;Красногвардейское;700 000₽
Geely Emgrand EC7, 2014;https://auto.drom.ru/kachkanar/geely/emgrand/689075336.html;1.8 л (126 л.с.), бензин, вариатор, передний, 75 000 км;Качканар;550 000₽
Geely Emgrand EC7, 2014;https://auto.drom.ru/dyatkovo/geely/emgrand/409880853.html;1.8 л (126 л.с.), бензин, вариатор, передний, 140 000 км;Дятьково;470 000₽
Geely Emgrand EC7, 2013;https://auto.drom.ru/krasnodar/geely/emgrand/473150709.html;1.8 л (126 л.с.), бензин, механика, передний, 99 832 км;Краснодар;527 000₽
Geely Emgrand EC7, 2014;https://auto.drom.ru/orenburg/geely/emgrand/586625350.html;1.8 л (126 л.с.), бензин, механика, передний;Оренбург;560 000₽
Geely Emgrand EC7, 2014;https://auto.drom.ru/orenburg/geely/emgrand/234585403.html;1.8 л (126 л.с.), бензин, механика, передний;Оренбург;265 000₽
Geely Emgrand EC7, 2016;https://auto.drom.ru/voronezh/geely/emgrand/174173273.html;1.8 л (126 л.с.), бензин, механика, передний, 108 000 км;Воронеж;660 000₽
Geely Emgrand EC7, 2012;https://auto.drom.ru/spb/geely/emgrand/195114412.html;1.8 л (126 л.с.), бензин, механика, передний, 135 000 км;Санкт-Петербург;420 000₽
Geely Emgrand EC7, 2013;https://auto.drom.ru/orenburg/geely/emgrand/437885950.html;1.8 л (126 л.с.), бензин, механика, передний;Оренбург;395 000₽
Geely Emgrand EC7, 2013;https://auto.drom.ru/orsk/geely/emgrand/721269865.html;1.5 л (98 л.с.), бензин, механика, передний, 184 000 км;Орск;500 000₽
Geely Emgrand EC7, 2013;https://auto.drom.ru/orenburg/geely/emgrand/147277423.html;1.5 л (98 л.с.), бензин, механика, передний;Оренбург;390 000₽
Geely Emgrand EC7, 2012;https://auto.drom.ru/volgograd/geely/emgrand/294521405.html;1.8 л (126 л.с.), бензин, механика, передний, 95 235 км;Волгоград;495 000₽
Geely Emgrand EC7, 2014;https://auto.drom.ru/volgograd/geely/emgrand/415794586.html;1.8 л (126 л.с.), бензин, механика, передний, 145 231 км;Волгоград;539 000₽
Geely Emgrand EC7, 2013;https://auto.drom.ru/volgograd/geely/emgrand/384309508.html;1.5 л (98 л.с.), бензин, механика, передний, 129 211 км;Волгоград;549 000₽
Geely Emgrand EC7, 2014;https://auto.drom.ru/simferopol/geely/emgrand/247123761.html;1.5 л (98 л.с.), бензин, механика, передний, 230 000 км;Симферополь;535 000₽
Geely Emgrand EC7, 2013;https://auto.drom.ru/nakhodka/geely/emgrand/523480373.html;1.8 л (126 л.с.), бензин, механика, передний, 380 000 км;Находка;280 000₽
Geely Emgrand EC7, 2020;https://auto.drom.ru/minsk/geely/emgrand/364744537.html;1.5 л (103 л.с.), бензин, механика, передний, 113 080 км;Минск;644 000₽
Geely Emgrand EC7, 2012;https://auto.drom.ru/novokuznetsk/geely/emgrand/834751543.html;1.5 л (98 л.с.), бензин, механика, передний, 200 000 км;Новокузнецк;299 000₽
Geely Emgrand EC7, 2016;https://auto.drom.ru/krasnoyarsk/geely/emgrand/892508458.html;1.8 л (129 л.с.), бензин, механика, передний, 130 000 км;Красноярск;1 150 000₽
Geely Emgrand EC7, 2014;https://auto.drom.ru/barnaul/geely/emgrand/835127967.html;1.8 л (126 л.с.), бензин, механика, передний, 186 914 км;Барнаул;548 000₽
Geely Emgrand EC7, 2013;https://auto.drom.ru/tyumen/geely/emgrand/566035632.html;1.8 л (126 л.с.), бензин, механика, передний, 199 000 км;Тюмень;500 000₽
Geely Emgrand EC7, 2012;https://auto.drom.ru/petrozavodsk/geely/emgrand/629787537.html;1.8 л (126 л.с.), бензин, механика, передний;Петрозаводск;410 000₽
Geely Emgrand EC7, 2013;https://auto.drom.ru/simferopol/geely/emgrand/395839342.html;1.8 л (126 л.с.), бензин, вариатор, передний, 163 800 км;Симферополь;360 000₽
Geely Emgrand EC7, 2013;https://auto.drom.ru/saratov/geely/emgrand/198082227.html;1.5 л (98 л.с.), бензин, механика, передний, 135 000 км;Саратов;509 000₽
Geely Emgrand EC7, 2013;https://auto.drom.ru/spb/geely/emgrand/907096583.html;1.8 л (126 л.с.), бензин, механика, передний, 134 900 км;Санкт-Петербург;339 000₽
Geely Emgrand EC7, 2014;https://auto.drom.ru/sevastopol/geely/emgrand/222097773.html;1.5 л (98 л.с.), бензин, механика, передний, 215 000 км;Севастополь;500 000₽
Geely Emgrand EC7, 2018;https://auto.drom.ru/volzhskiy/geely/emgrand/223645944.html;1.8 л (129 л.с.), бензин, вариатор, передний, 82 770 км;Волжский;1 070 000₽
Geely Emgrand EC7, 2013;https://auto.drom.ru/volgograd/geely/emgrand/731804336.html;1.8 л (126 л.с.), бензин, механика, передний, 77 670 км;Волгоград;610 000₽
Geely Emgrand EC7, 2013;https://auto.drom.ru/nizhnegorskiy/geely/emgrand/676950531.html;1.8 л (126 л.с.), бензин, вариатор, передний, 86 700 км;Нижнегорский;750 000₽
Geely Emgrand EC7, 2014;https://auto.drom.ru/chelyabinsk/geely/emgrand/353724329.html;1.5 л (98 л.с.), бензин, механика, передний, 213 780 км;Челябинск;400 000₽
Geely Emgrand EC7, 2013;https://auto.drom.ru/kunashak/geely/emgrand/910488141.html;1.5 л (98 л.с.), бензин, механика, передний, 178 083 км,  серебристый;Кунашак;600 000₽
Geely Emgrand EC7, 2014;https://auto.drom.ru/ust-labinsk/geely/emgrand/873439291.html;1.8 л (126 л.с.), бензин, механика, передний, 113 965 км;Усть-Лабинск;450 000₽
Geely Emgrand EC7, 2013;https://auto.drom.ru/yuryuzan/geely/emgrand/274908669.html;1.8 л (126 л.с.), бензин, механика, передний, 155 000 км;Юрюзань;450 000₽
Geely Emgrand EC7, 2013;https://auto.drom.ru/omsk/geely/emgrand/154487784.html;1.8 л (126 л.с.), бензин, механика, передний, 199 000 км;Омск;385 000₽
Geely Emgrand EC7, 2014;https://auto.drom.ru/sevastopol/geely/emgrand/613937982.html;1.5 л (98 л.с.), бензин, механика, передний, 160 000 км;Севастополь;450 000₽
Geely Emgrand EC7, 2013;https://auto.drom.ru/surgut/geely/emgrand/528517229.html;1.8 л (126 л.с.), бензин, механика, передний, 215 км;Сургут;520 000₽
Geely Emgrand EC7, 2014;https://auto.drom.ru/novokuznetsk/geely/emgrand/793115012.html;1.8 л (126 л.с.), бензин, механика, передний, 200 000 км;Новокузнецк;425 000₽
Geely Emgrand EC7, 2013;https://auto.drom.ru/vologda/geely/emgrand/703392107.html;1.8 л (126 л.с.), бензин, вариатор, передний, 177 781 км;Вологда;345 000₽
Geely Emgrand EC7, 2013;https://auto.drom.ru/omsk/geely/emgrand/899859628.html;1.5 л (98 л.с.), бензин, механика, передний, 98 080 км;Омск;450 000₽
Geely Emgrand EC7, 2014;https://auto.drom.ru/novosibirsk/geely/emgrand/909626813.html;1.8 л (126 л.с.), бензин, вариатор, передний, 130 000 км;Новосибирск;490 000₽
Geely Emgrand EC7, 2014;https://auto.drom.ru/novosibirsk/geely/emgrand/944795250.html;1.8 л (126 л.с.), бензин, вариатор, передний, 132 000 км;Новосибирск;530 000₽
Geely Emgrand EC7, 2012;https://auto.drom.ru/omsk/geely/emgrand/674927819.html;1.5 л (98 л.с.), бензин, механика, передний, 130 000 км;Омск;499 000₽
Geely Emgrand EC7, 2014;https://auto.drom.ru/voronezh/geely/emgrand/253688894.html;1.5 л (98 л.с.), бензин, механика, передний, 188 805 км;Воронеж;349 000₽
Geely Emgrand EC7, 2019;https://auto.drom.ru/astrahan/geely/emgrand/142774173.html;1.8 л (133 л.с.), бензин, вариатор, передний, 137 471 км;Астрахань;1 044 000₽
Geely Emgrand EC7, 2012;https://auto.drom.ru/omsk/geely/emgrand/141026453.html;1.5 л (98 л.с.), бензин, механика, передний, 196 000 км;Омск;280 000₽
Geely Emgrand EC7, 2013;https://auto.drom.ru/orsk/geely/emgrand/662503130.html;1.5 л (98 л.с.), бензин, механика, передний, 63 000 км,  черный;Орск;595 000₽
Geely Emgrand EC7, 2012;https://auto.drom.ru/kurgan/geely/emgrand/149173962.html;1.8 л (126 л.с.), бензин, механика, передний, 191 000 км;Курган;340 000₽
Geely Emgrand EC7, 2016;https://auto.drom.ru/spb/geely/emgrand/493536628.html;1.8 л (129 л.с.), бензин, вариатор, передний, 118 000 км;Санкт-Петербург;750 000₽
Geely Emgrand EC7, 2014;https://auto.drom.ru/chelyabinsk/geely/emgrand/196398286.html;1.8 л (126 л.с.), бензин, вариатор, передний, 65 050 км;Челябинск;498 000₽
Geely Emgrand EC7, 2013;https://auto.drom.ru/penza/geely/emgrand/327210526.html;1.5 л (98 л.с.), бензин, механика, передний, 97 000 км;Пенза;599 000₽
Geely Emgrand EC7, 2012;https://auto.drom.ru/ekaterinburg/geely/emgrand/918167883.html;1.5 л (98 л.с.), бензин, механика, передний, 178 000 км;Екатеринбург;399 000₽
Geely Emgrand EC7, 2014;https://auto.drom.ru/pervouralsk/geely/emgrand/186570536.html;1.5 л (98 л.с.), бензин, механика, передний, 285 000 км;Первоуральск;285 000₽
Geely Emgrand EC7, 2014;https://auto.drom.ru/belovo/geely/emgrand/203341780.html;1.8 л (126 л.с.), бензин, вариатор, передний, 92 000 км;Белово;650 000₽
Geely Emgrand EC7, 2019;https://auto.drom.ru/gomel/geely/emgrand/686070844.html;1.8 л (133 л.с.), бензин, механика, передний, 267 377 км;Гомель;700 000₽
Geely Emgrand EC7, 2014;https://auto.drom.ru/volgograd/geely/emgrand/463952468.html;1.5 л (98 л.с.), бензин, механика, передний, 141 307 км;Волгоград;410 000₽
Geely Emgrand EC7, 2013;https://auto.drom.ru/arhangelsk/geely/emgrand/355354878.html;1.8 л (126 л.с.), бензин, механика, передний, 152 016 км;Архангельск;375 000₽
Geely Emgrand EC7, 2013;https://auto.drom.ru/simferopol/geely/emgrand/277852578.html;1.5 л (98 л.с.), бензин, механика, передний, 180 000 км;Симферополь;475 000₽
Geely Emgrand EC7, 2012;https://auto.drom.ru/tyumen/geely/emgrand/824610260.html;1.5 л (98 л.с.), бензин, механика, передний, 137 500 км;Тюмень;440 000₽
Geely Emgrand EC7, 2012;https://auto.drom.ru/omsk/geely/emgrand/498880533.html;1.8 л (126 л.с.), бензин, механика, передний, 200 000 км;Омск;455 000₽
Geely Emgrand EC7, 2014;https://auto.drom.ru/petrozavodsk/geely/emgrand/732161968.html;1.8 л (126 л.с.), бензин, механика, передний, 97 723 км;Петрозаводск;550 000₽
Geely Emgrand EC7, 2019;https://auto.drom.ru/simferopol/geely/emgrand/427442051.html;1.8 л (133 л.с.), бензин, вариатор, передний, 191 000 км;Симферополь;1 250 000₽
Geely Emgrand EC7, 2013;https://auto.drom.ru/orenburg/geely/emgrand/296501424.html;1.8 л (126 л.с.), бензин, механика, передний, 170 000 км;Оренбург;430 000₽
Geely Emgrand EC7, 2014;https://auto.drom.ru/bakhchysaray/geely/emgrand/53667324.html;1.5 л (98 л.с.), бензин, механика, передний, 108 032 км;Бахчисарай;600 000₽
Geely Emgrand EC7, 2013;https://auto.drom.ru/simferopol/geely/emgrand/457861937.html;1.8 л (126 л.с.), бензин, вариатор, передний, 235 000 км;Симферополь;450 000₽
Geely Emgrand EC7, 2014;https://auto.drom.ru/volgograd/geely/emgrand/400582299.html;1.5 л (98 л.с.), бензин, механика, передний, 30 997 км;Волгоград;620 000₽
Geely Emgrand EC7, 2014;https://auto.drom.ru/barnaul/geely/emgrand/115696655.html;1.8 л (126 л.с.), бензин, вариатор, передний, 135 339 км;Барнаул;550 000₽
Geely Emgrand EC7, 2013;https://auto.drom.ru/omsk/geely/emgrand/160588255.html;1.5 л (98 л.с.), бензин, механика, передний, 68 700 км;Омск;639 000₽
Geely Emgrand EC7, 2016;https://auto.drom.ru/saratov/geely/emgrand/858804325.html;1.8 л (126 л.с.), бензин, механика, передний;Саратов;760 000₽
Geely Emgrand EC7, 2014;https://auto.drom.ru/chelyabinsk/geely/emgrand/517237042.html;1.5 л (98 л.с.), бензин, механика, передний, 146 239 км;Челябинск;365 000₽
Geely Emgrand EC7, 2014;https://auto.drom.ru/omsk/geely/emgrand/250151532.html;1.8 л (126 л.с.), бензин, вариатор, передний, 133 000 км;Омск;295 000₽
Geely Emgrand EC7, 2013;https://auto.drom.ru/perm/geely/emgrand/619299506.html;1.5 л (98 л.с.), бензин, механика, передний, 239 600 км,  фиолетовый;Пермь;360 000₽
Geely Emgrand EC7, 2013;https://auto.drom.ru/kazan/geely/emgrand/730334897.html;1.5 л (98 л.с.), бензин, механика, передний, 252 051 км;Казань;290 000₽
Geely Emgrand EC7, 2013;https://auto.drom.ru/nizhnevartovsk/geely/emgrand/118878385.html;1.8 л (126 л.с.), бензин, вариатор, передний, 125 000 км;Нижневартовск;470 000₽
Geely Emgrand EC7, 2013;https://auto.drom.ru/kemerovo/geely/emgrand/712425033.html;1.8 л (126 л.с.), бензин, механика, передний, 235 870 км;Кемерово;385 000₽
Geely Emgrand EC7, 2013;https://auto.drom.ru/buzdyak/geely/emgrand/849231846.html;1.5 л (98 л.с.), бензин, механика, передний, 176 000 км;Буздяк;340 000₽
Geely Emgrand EC7, 2012;https://auto.drom.ru/kemerovo/geely/emgrand/721580035.html;1.8 л (126 л.с.), бензин, механика, передний, 110 500 км;Кемерово;385 000₽
Geely Emgrand EC7, 2013;https://auto.drom.ru/moscow/geely/emgrand/697482861.html;1.8 л (126 л.с.), бензин, вариатор, передний, 117 000 км;Москва;680 000₽
Geely Emgrand EC7, 2013;https://auto.drom.ru/omsk/geely/emgrand/648316138.html;1.8 л (126 л.с.), бензин, механика, передний, 122 000 км;Омск;390 000₽
Geely Emgrand EC7, 2014;https://auto.drom.ru/krymsk/geely/emgrand/555792640.html;1.8 л (126 л.с.), бензин, механика, передний, 195 000 км;Крымск;650 000₽
Geely Emgrand EC7, 2019;https://auto.drom.ru/nizhnekamsk/geely/emgrand/515020022.html;1.5 л (103 л.с.), бензин, механика, передний, 56 800 км;Нижнекамск;950 000₽
Geely Emgrand EC7, 2013;https://auto.drom.ru/kemerovo/geely/emgrand/446806235.html;1.8 л (126 л.с.), бензин, вариатор, передний, 101 000 км;Кемерово;569 000₽
Geely Emgrand EC7, 2014;https://auto.drom.ru/poltavka/geely/emgrand/438183699.html;1.5 л (98 л.с.), бензин, механика, передний, 113 000 км;Полтавка;530 000₽
Geely Emgrand EC7, 2013;https://auto.drom.ru/tomsk/geely/emgrand/54010704.html;1.5 л (98 л.с.), бензин, механика, передний, 300 000 км;Томск;315 000₽
Geely Emgrand EC7, 2013;https://auto.drom.ru/omsk/geely/emgrand/339834946.html;1.5 л (98 л.с.), бензин, механика, передний, 174 000 км;Омск;455 000₽
Geely Emgrand EC7, 2013;https://auto.drom.ru/tyumen/geely/emgrand/623327431.html;1.8 л (126 л.с.), бензин, механика, передний, 189 000 км;Тюмень;365 000₽
Geely Emgrand EC7, 2013;https://auto.drom.ru/izhevsk/geely/emgrand/313734447.html;1.8 л (126 л.с.), бензин, вариатор, передний, 151 000 км;Ижевск;399 000₽
Geely Emgrand EC7, 2013;https://auto.drom.ru/omsk/geely/emgrand/500644427.html;1.8 л (126 л.с.), бензин, механика, передний, 167 351 км;Омск;340 000₽
Geely Emgrand EC7, 2013;https://auto.drom.ru/simferopol/geely/emgrand/379467153.html;1.8 л (126 л.с.), бензин, вариатор, передний, 237 000 км;Симферополь;450 000₽
Geely Emgrand EC7, 2013;https://auto.drom.ru/omsk/geely/emgrand/398760219.html;1.8 л (126 л.с.), бензин, механика, передний, 113 000 км;Омск;565 000₽
Geely Emgrand EC7, 2012;https://auto.drom.ru/mysky/geely/emgrand/712720418.html;1.8 л (126 л.с.), бензин, механика, передний, 270 000 км;Мыски;400 000₽
Geely Emgrand EC7, 2013;https://auto.drom.ru/aznakaevo/geely/emgrand/197818457.html;1.5 л (98 л.с.), бензин, механика, передний, 144 000 км;Азнакаево;390 000₽
Geely Emgrand EC7, 2013;https://auto.drom.ru/chistopol/geely/emgrand/821278286.html;1.8 л (126 л.с.), бензин, механика, передний, 13 000 км;Чистополь;399 000₽
Geely Emgrand EC7, 2016;https://auto.drom.ru/tyumen/geely/emgrand/468854017.html;1.8 л (129 л.с.), бензин, механика, передний, 150 000 км;Тюмень;600 000₽
Geely Emgrand EC7, 2013;https://auto.drom.ru/primorskiy-krym/geely/emgrand/430257361.html;1.5 л (98 л.с.), бензин, механика, передний, 190 000 км;Приморский;500 000₽
Geely Emgrand EC7, 2013;https://auto.drom.ru/krasnoperekopsk/geely/emgrand/367805344.html;1.8 л (126 л.с.), бензин, механика, передний, 156 000 км;Красноперекопск;750 000₽
Geely Emgrand EC7, 2014;https://auto.drom.ru/dzhankoy/geely/emgrand/168439116.html;1.5 л (98 л.с.), бензин, механика, передний, 124 000 км;Джанкой;740 000₽
Geely Emgrand EC7, 2012;https://auto.drom.ru/omsk/geely/emgrand/499126701.html;1.8 л (126 л.с.), бензин, механика, передний, 190 000 км;Омск;460 000₽
Geely Emgrand EC7, 2014;https://auto.drom.ru/tyumen/geely/emgrand/570448963.html;1.5 л (98 л.с.), бензин, механика, передний, 160 000 км;Тюмень;430 000₽
Geely Emgrand EC7, 2014;https://auto.drom.ru/tyumen/geely/emgrand/144830183.html;1.5 л (98 л.с.), бензин, механика, передний, 189 000 км;Тюмень;359 000₽
Geely Emgrand EC7, 2013;https://auto.drom.ru/kirov/geely/emgrand/609225850.html;1.5 л (98 л.с.), бензин, механика, передний, 163 341 км;Киров;389 000₽
Geely Emgrand EC7, 2012;https://auto.drom.ru/krasnodar/geely/emgrand/367691900.html;1.8 л (126 л.с.), бензин, механика, передний;Краснодар;485 000₽
Geely Emgrand EC7, 2013;https://auto.drom.ru/kemerovo/geely/emgrand/757531171.html;1.8 л (126 л.с.), бензин, вариатор, передний, 168 000 км;Кемерово;600 000₽
Geely Emgrand EC7, 2013;https://auto.drom.ru/kemerovo/geely/emgrand/804367835.html;1.8 л (126 л.с.), бензин, вариатор, передний, 126 000 км;Кемерово;599 000₽
Geely Emgrand EC7, 2014;https://auto.drom.ru/shchebetovka/geely/emgrand/930727178.html;1.5 л (98 л.с.), бензин, механика, передний, 180 000 км;Щебетовка;420 000₽
Geely Emgrand EC7, 2014;https://auto.drom.ru/omsk/geely/emgrand/855070409.html;1.5 л (98 л.с.), бензин, механика, передний, 157 000 км;Омск;550 000₽
Geely Emgrand EC7, 2019;https://auto.drom.ru/vologda/geely/emgrand/770759622.html;1.8 л (133 л.с.), бензин, вариатор, передний, 45 899 км;Вологда;869 000₽
Geely Emgrand EC7, 2013;https://auto.drom.ru/spb/geely/emgrand/538692839.html;1.8 л (126 л.с.), бензин, вариатор, передний, 147 000 км;Санкт-Петербург;360 000₽
Geely Emgrand EC7, 2016;https://auto.drom.ru/samara/geely/emgrand/417811210.html;1.5 л (106 л.с.), бензин, механика, передний, 120 000 км;Самара;750 000₽
Geely Emgrand EC7, 2012;https://auto.drom.ru/tula/geely/emgrand/391174966.html;1.8 л (126 л.с.), бензин, механика, передний, 284 327 км;Тула;325 000₽
Geely Emgrand EC7, 2013;https://auto.drom.ru/dzerzhinsk/geely/emgrand/628278233.html;1.8 л (126 л.с.), бензин, механика, передний, 199 000 км;Дзержинск;370 000₽
Geely Emgrand EC7, 2013;https://auto.drom.ru/sevastopol/geely/emgrand/255246497.html;1.8 л (126 л.с.), бензин, механика, передний, 230 000 км;Севастополь;450 000₽
Geely Emgrand EC7, 2013;https://auto.drom.ru/votkinsk/geely/emgrand/622442458.html;1.5 л (98 л.с.), бензин, механика, передний;Воткинск;270 000₽
Geely Emgrand EC7, 2014;https://auto.drom.ru/penza/geely/emgrand/303786630.html;1.8 л (126 л.с.), бензин, механика, передний, 98 200 км;Пенза;697 000₽
Geely Emgrand EC7, 2013;https://auto.drom.ru/saratov/geely/emgrand/254642733.html;1.8 л (126 л.с.), бензин, механика, передний, 145 000 км;Саратов;495 000₽
Geely Emgrand EC7, 2014;https://auto.drom.ru/yasniy/geely/emgrand/731214887.html;1.5 л (98 л.с.), бензин, механика, передний, 240 000 км;Ясный;260 000₽
Geely Emgrand EC7, 2016;https://auto.drom.ru/volgograd/geely/emgrand/648143526.html;1.5 л (106 л.с.), бензин, механика, передний, 129 000 км;Волгоград;848 000₽
Geely Emgrand EC7, 2014;https://auto.drom.ru/simferopol/geely/emgrand/311032095.html;1.5 л (98 л.с.), бензин, механика, передний, 195 000 км;Симферополь;730 000₽
Geely Emgrand EC7, 2014;https://auto.drom.ru/ekaterinburg/geely/emgrand/479860967.html;1.8 л (126 л.с.), бензин, механика, передний, 191 000 км;Екатеринбург;460 000₽
Geely Emgrand EC7, 2013;https://auto.drom.ru/buzuluk/geely/emgrand/603183735.html;1.5 л (98 л.с.), бензин, механика, передний, 117 402 км;Бузулук;455 000₽
Geely Emgrand EC7, 2016;https://auto.drom.ru/mezhdurechensk/geely/emgrand/870195137.html;1.8 л (129 л.с.), бензин, механика, передний, 116 000 км;Междуреченск;710 000₽
Geely Emgrand EC7, 2012;https://auto.drom.ru/kirovskoe-krym/geely/emgrand/866061718.html;1.8 л (126 л.с.), бензин, механика, передний, 257 000 км;Кировское;635 000₽
Geely Emgrand EC7, 2013;https://auto.drom.ru/samara/geely/emgrand/363005249.html;1.5 л (98 л.с.), бензин, механика, передний, 136 410 км;Самара;287 210₽
Geely Emgrand EC7, 2013;https://auto.drom.ru/volgograd/geely/emgrand/234693172.html;1.5 л (98 л.с.), бензин, механика, передний, 134 617 км;Волгоград;499 000₽
Geely Emgrand EC7, 2013;https://auto.drom.ru/krasnodar/geely/emgrand/650481594.html;1.8 л (129 л.с.), бензин, автомат, передний, 200 000 км;Краснодар;300 000₽
Geely Emgrand EC7, 2014;https://auto.drom.ru/simferopol/geely/emgrand/199685817.html;1.8 л (126 л.с.), бензин, вариатор, передний, 220 000 км;Симферополь;520 000₽
Geely Emgrand EC7, 2014;https://auto.drom.ru/buinsk/geely/emgrand/369430455.html;1.8 л (126 л.с.), бензин, вариатор, передний;Буинск;115 000₽
Geely Emgrand EC7, 2014;https://auto.drom.ru/nizhniy-tagil/geely/emgrand/479740590.html;1.5 л (98 л.с.), бензин, механика, передний, 99 000 км;Нижний Тагил;485 000₽
Geely Emgrand EC7, 2011;https://auto.drom.ru/tyumen/geely/emgrand/687302689.html;1.8 л (126 л.с.), бензин, механика, передний, 146 000 км;Тюмень;350 000₽
Geely Emgrand EC7, 2013;https://auto.drom.ru/simferopol/geely/emgrand/235525762.html;1.5 л (98 л.с.), бензин, механика, передний, 184 000 км;Симферополь;500 000₽
Geely Emgrand EC7, 2013;https://auto.drom.ru/volgograd/geely/emgrand/365478209.html;1.8 л (126 л.с.), бензин, механика, передний, 136 450 км;Волгоград;329 000₽
Geely Emgrand EC7, 2012;https://auto.drom.ru/volgograd/geely/emgrand/343605174.html;1.5 л (98 л.с.), бензин, механика, передний, 190 400 км;Волгоград;380 000₽
Geely Emgrand EC7, 2012;https://auto.drom.ru/salehard/geely/emgrand/823088803.html;1.8 л (126 л.с.), бензин, механика, передний, 182 000 км;Салехард;495 000₽
Geely Emgrand EC7, 2014;https://auto.drom.ru/spb/geely/emgrand/803412220.html;1.5 л (98 л.с.), бензин, механика, передний, 121 568 км;Санкт-Петербург;399 000₽
Geely Emgrand EC7, 2012;https://auto.drom.ru/primorskiy-krym/geely/emgrand/640764617.html;1.8 л (126 л.с.), бензин, механика, передний, 307 542 км;Приморский;485 000₽
Geely Emgrand EC7, 2013;https://auto.drom.ru/shipunovo/geely/emgrand/621833753.html;1.8 л (126 л.с.), бензин, механика, передний, 151 780 км;Шипуново;465 000₽
Geely Emgrand EC7, 2013;https://auto.drom.ru/sevastopol/geely/emgrand/584145321.html;1.8 л (126 л.с.), бензин, механика, передний, 270 000 км;Севастополь;500 000₽
Geely Emgrand EC7, 2013;https://auto.drom.ru/omsk/geely/emgrand/545300948.html;1.8 л (126 л.с.), бензин, вариатор, передний, 165 000 км;Омск;170 000₽
Geely Emgrand EC7, 2014;https://auto.drom.ru/ekaterinburg/geely/emgrand/454097909.html;1.5 л (98 л.с.), бензин, механика, передний, 320 000 км;Екатеринбург;240 000₽
Geely Emgrand EC7, 2013;https://auto.drom.ru/kemerovo/geely/emgrand/273980700.html;1.8 л (126 л.с.), бензин, вариатор, передний, 126 000 км;Кемерово;500 000₽
Geely Emgrand EC7, 2013;https://auto.drom.ru/aksay/geely/emgrand/218175970.html;1.8 л (126 л.с.), бензин, вариатор, передний, 177 000 км;Аксай;315 000₽
Geely Emgrand EC7, 2020;https://auto.drom.ru/kaliningrad/geely/emgrand/571962089.html;1.8 л (133 л.с.), бензин, механика, передний, 78 000 км;Калининград;1 099 000₽
Geely Emgrand EC7, 2016;https://auto.drom.ru/omsk/geely/emgrand/653464629.html;1.8 л (129 л.с.), бензин, механика, передний, 142 019 км;Омск;750 000₽
Geely Emgrand EC7, 2013;https://auto.drom.ru/donetsk/geely/emgrand/299855666.html;1.8 л (126 л.с.), бензин, механика, передний, 202 000 км;Донецк;600 000₽
Geely Emgrand EC7, 2014;https://auto.drom.ru/nizhniy-novgorod/geely/emgrand/903651350.html;1.5 л (98 л.с.), бензин, механика, передний, 117 000 км;Нижний Новгород;569 777₽
Geely Emgrand EC7, 2013;https://auto.drom.ru/omsk/geely/emgrand/307405013.html;1.5 л (98 л.с.), бензин, механика, передний, 141 000 км;Омск;460 000₽
Geely Emgrand EC7, 2013;https://auto.drom.ru/volgograd/geely/emgrand/809231535.html;1.8 л (126 л.с.), бензин, механика, передний, 114 000 км;Волгоград;595 000₽
Geely Emgrand EC7, 2014;https://auto.drom.ru/chelyabinsk/geely/emgrand/395294940.html;1.8 л (126 л.с.), бензин, механика, передний, 200 000 км;Челябинск;180 000₽
Geely Emgrand EC7, 2012;https://auto.drom.ru/tyukalinsk/geely/emgrand/284296013.html;1.8 л (126 л.с.), бензин, механика, передний, 149 000 км;Тюкалинск;289 000₽
Geely Emgrand EC7, 2013;https://auto.drom.ru/simferopol/geely/emgrand/573366801.html;1.8 л (126 л.с.), бензин, вариатор, передний, 170 000 км;Симферополь;460 000₽
Geely Emgrand EC7, 2014;https://auto.drom.ru/feodosiya/geely/emgrand/176141786.html;1.8 л (126 л.с.), бензин, механика, передний, 115 568 км;Феодосия;660 000₽
Geely Emgrand EC7, 2013;https://auto.drom.ru/kemerovo/geely/emgrand/709720698.html;1.5 л (98 л.с.), бензин, механика, передний, 165 824 км;Кемерово;479 000₽
Geely Emgrand EC7, 2013;https://auto.drom.ru/omsk/geely/emgrand/593966687.html;1.5 л (98 л.с.), бензин, механика, передний, 202 000 км;Омск;425 000₽
Geely Emgrand EC7, 2019;https://auto.drom.ru/simferopol/geely/emgrand/278894087.html;1.8 л (133 л.с.), бензин, механика, передний, 80 177 км;Симферополь;990 000₽
Geely Emgrand EC7, 2013;https://auto.drom.ru/samara/geely/emgrand/854567923.html;1.8 л (126 л.с.), бензин, вариатор, передний, 180 000 км;Самара;400 000₽
Geely Emgrand EC7, 2013;https://auto.drom.ru/omsk/geely/emgrand/578821087.html;1.8 л (126 л.с.), бензин, вариатор, передний, 202 000 км;Омск;430 000₽
Geely Emgrand EC7, 2014;https://auto.drom.ru/votkinsk/geely/emgrand/526415696.html;1.8 л (126 л.с.), бензин, механика, передний, 103 000 км;Воткинск;300 000₽
Geely Emgrand EC7, 2013;https://auto.drom.ru/aleksandrovskoe-tomsk/geely/emgrand/386544215.html;1.8 л (126 л.с.), бензин, механика, передний, 246 000 км;Александровское;325 000₽
Geely Emgrand EC7, 2013;https://auto.drom.ru/krasnodar/geely/emgrand/280914501.html;1.5 л (98 л.с.), бензин, механика, передний, 222 000 км;Краснодар;300 000₽
Geely Emgrand EC7, 2016;https://auto.drom.ru/simferopol/geely/emgrand/114540317.html;1.8 л (129 л.с.), бензин, механика, передний, 207 000 км;Симферополь;990 000₽
Geely Emgrand EC7, 2012;https://auto.drom.ru/tula/geely/emgrand/134267110.html;1.8 л (126 л.с.), бензин, механика, передний, 186 050 км;Тула;380 000₽
Geely Emgrand EC7, 2013;https://auto.drom.ru/miass/geely/emgrand/756928764.html;1.8 л (126 л.с.), бензин, вариатор, передний, 140 000 км;Миасс;300 000₽
Geely Emgrand EC7, 2014;https://auto.drom.ru/dzhankoy/geely/emgrand/394436622.html;1.5 л (98 л.с.), бензин, механика, передний, 118 000 км;Джанкой;620 000₽
Geely Emgrand EC7, 2013;https://auto.drom.ru/hasavyurt/geely/emgrand/683898720.html;1.8 л (126 л.с.), бензин, механика, передний, 183 000 км;Хасавюрт;430 000₽
Geely Emgrand EC7, 2014;https://auto.drom.ru/menzelinsk/geely/emgrand/505906468.html;1.5 л (98 л.с.), бензин, механика, передний, 89 276 км;Мензелинск;450 000₽
Geely Emgrand EC7, 2014;https://auto.drom.ru/dzhankoy/geely/emgrand/813485959.html;1.5 л (98 л.с.), бензин, механика, передний, 79 000 км;Джанкой;680 000₽
Geely Emgrand EC7, 2014;https://auto.drom.ru/asha/geely/emgrand/931559574.html;1.8 л (126 л.с.), бензин, механика, передний, 100 000 км;Аша;400 000₽
Geely Emgrand EC7, 2013;https://auto.drom.ru/asino/geely/emgrand/707588485.html;1.5 л (98 л.с.), бензин, механика, передний, 214 725 км;Асино;320 000₽
Geely Emgrand EC7, 2013;https://auto.drom.ru/volgograd/geely/emgrand/683184210.html;1.5 л (98 л.с.), бензин, механика, передний, 83 000 км;Волгоград;545 000₽
Geely Emgrand EC7, 2014;https://auto.drom.ru/minvody/geely/emgrand/494676024.html;1.8 л (126 л.с.), бензин, вариатор, передний, 275 000 км;Минеральные Воды;510 000₽
Geely Emgrand EC7, 2012;https://auto.drom.ru/ufa/geely/emgrand/427347254.html;1.8 л (126 л.с.), бензин, механика, передний, 180 000 км;Уфа;390 000₽
Geely Emgrand EC7, 2013;https://auto.drom.ru/voronezh/geely/emgrand/455748149.html;1.5 л (98 л.с.), бензин, механика, передний, 178 411 км;Воронеж;579 000₽
Geely Emgrand EC7, 2014;https://auto.drom.ru/penza/geely/emgrand/246630219.html;1.8 л (126 л.с.), бензин, механика, передний, 133 000 км;Пенза;480 000₽
Geely Emgrand EC7, 2014;https://auto.drom.ru/stavropol/geely/emgrand/223698982.html;1.8 л (126 л.с.), бензин, вариатор, передний, 68 000 км;Ставрополь;670 000₽
Geely Emgrand EC7, 2013;https://auto.drom.ru/krasnodar/geely/emgrand/106566308.html;1.5 л (98 л.с.), бензин, механика, передний, 185 044 км;Краснодар;499 000₽
Geely Emgrand EC7, 2013;https://auto.drom.ru/chelyabinsk/geely/emgrand/362688832.html;1.5 л (98 л.с.), бензин, механика, передний, 127 000 км;Челябинск;400 000₽
Geely Emgrand EC7, 2014;https://auto.drom.ru/volgograd/geely/emgrand/707411488.html;1.8 л (126 л.с.), бензин, механика, передний, 169 403 км,  черный;Волгоград;320 000₽
Geely Emgrand EC7, 2013;https://auto.drom.ru/verhnyaya-pyshma/geely/emgrand/462058007.html;1.8 л (126 л.с.), бензин, механика, передний, 155 000 км;Верхняя Пышма;375 000₽
Geely Emgrand EC7, 2013;https://auto.drom.ru/kemerovo/geely/emgrand/174685600.html;1.5 л (98 л.с.), бензин, механика, передний, 139 000 км;Кемерово;425 000₽
Geely Emgrand EC7, 2013;https://auto.drom.ru/biysk/geely/emgrand/386002843.html;1.8 л (126 л.с.), бензин, механика, передний, 288 000 км;Бийск;500 000₽
Geely Emgrand EC7, 2013;https://auto.drom.ru/nizhnevartovsk/geely/emgrand/173304456.html;1.8 л (126 л.с.), бензин, вариатор, передний, 167 000 км;Нижневартовск;390 000₽
Geely Emgrand EC7, 2016;https://auto.drom.ru/omsk/geely/emgrand/451004274.html;1.5 л (106 л.с.), бензин, механика, передний, 140 000 км;Омск;710 000₽
Geely Emgrand EC7, 2014;https://auto.drom.ru/simferopol/geely/emgrand/475360022.html;1.8 л (126 л.с.), бензин, механика, передний, 170 000 км;Симферополь;600 000₽
Geely Emgrand EC7, 2013;https://auto.drom.ru/kemerovo/geely/emgrand/380368017.html;1.5 л (98 л.с.), бензин, механика, передний, 267 000 км;Кемерово;349 000₽
Geely Emgrand EC7, 2013;https://auto.drom.ru/tyumen/geely/emgrand/202496961.html;1.5 л (98 л.с.), бензин, механика, передний, 268 000 км;Тюмень;310 000₽
Geely Emgrand EC7, 2014;https://auto.drom.ru/perm/geely/emgrand/843275680.html;1.8 л (126 л.с.), бензин, механика, передний, 186 000 км;Пермь;290 000₽
Geely Emgrand EC7, 2013;https://auto.drom.ru/alushta/geely/emgrand/309759711.html;1.5 л (98 л.с.), бензин, механика, передний, 160 км;Алушта;500 000₽
Geely Emgrand EC7, 2014;https://auto.drom.ru/simferopol/geely/emgrand/553277937.html;1.8 л (126 л.с.), бензин, механика, передний, 222 222 км;Симферополь;420 000₽
Geely Emgrand EC7, 2013;https://auto.drom.ru/ardon/geely/emgrand/723354868.html;1.5 л (98 л.с.), бензин, механика, передний;Ардон;270 000₽
Geely Emgrand EC7, 2012;https://auto.drom.ru/ishim/geely/emgrand/862077132.html;1.8 л (126 л.с.), бензин, механика, передний, 154 660 км;Ишим;350 000₽
Geely Emgrand EC7, 2014;https://auto.drom.ru/bakhchysaray/geely/emgrand/405788844.html;1.8 л (126 л.с.), бензин, механика, передний, 135 000 км;Бахчисарай;650 000₽
Geely Emgrand EC7, 2013;https://auto.drom.ru/ekaterinburg/geely/emgrand/377312079.html;1.8 л (126 л.с.), бензин, вариатор, передний, 134 000 км;Екатеринбург;175 000₽
Geely Emgrand EC7, 2013;https://auto.drom.ru/krasnodar/geely/emgrand/341812314.html;1.8 л (126 л.с.), бензин, механика, передний, 177 000 км;Краснодар;600 000₽
Geely Emgrand EC7, 2013;https://auto.drom.ru/penza/geely/emgrand/582918563.html;1.5 л (98 л.с.), бензин, механика, передний, 156 000 км;Пенза;549 000₽
Geely Emgrand EC7, 2012;https://auto.drom.ru/tyumen/geely/emgrand/735466880.html;1.8 л (126 л.с.), бензин, механика, передний, 220 000 км;Тюмень;400 000₽
Geely Emgrand EC7, 2013;https://auto.drom.ru/sterlitamak/geely/emgrand/302540392.html;1.8 л (126 л.с.), бензин, вариатор, передний, 108 000 км;Стерлитамак;627 000₽
Geely Emgrand EC7, 2013;https://auto.drom.ru/temryuk/geely/emgrand/462257843.html;1.8 л (126 л.с.), бензин, вариатор, передний, 156 000 км;Темрюк;325 000₽
Geely Emgrand EC7, 2012;https://auto.drom.ru/naberezhnye-chelny/geely/emgrand/916847045.html;1.8 л (126 л.с.), бензин, механика, передний;Набережные Челны;479 000₽
Geely Emgrand EC7, 2013;https://auto.drom.ru/togliatti/geely/emgrand/534357957.html;1.8 л (126 л.с.), бензин, механика, передний;Тольятти;285 000₽
Geely Emgrand EC7, 2014;https://auto.drom.ru/lyubertsy/geely/emgrand/921713651.html;1.5 л (98 л.с.), бензин, механика, передний, 285 016 км;Люберцы;340 000₽
Geely Emgrand EC7, 2013;https://auto.drom.ru/simferopol/geely/emgrand/243460810.html;1.8 л (126 л.с.), бензин, вариатор, передний, 217 500 км;Симферополь;550 000₽
Geely Emgrand EC7, 2014;https://auto.drom.ru/volgograd/geely/emgrand/850248285.html;1.5 л (98 л.с.), бензин, механика, передний, 146 585 км;Волгоград;419 000₽
Geely Emgrand EC7, 2012;https://auto.drom.ru/volgograd/geely/emgrand/413955660.html;1.8 л (126 л.с.), бензин, механика, передний, 148 652 км;Волгоград;455 000₽
Geely Emgrand EC7, 2013;https://auto.drom.ru/sevastopol/geely/emgrand/501697872.html;1.5 л (98 л.с.), бензин, механика, передний, 167 383 км;Севастополь;655 000₽
Geely Emgrand EC7, 2014;https://auto.drom.ru/chernogorsk/geely/emgrand/254360330.html;1.8 л (126 л.с.), бензин, механика, передний, 96 328 км;Черногорск;279 000₽
Geely Emgrand EC7, 2013;https://auto.drom.ru/perm/geely/emgrand/401156996.html;1.8 л (126 л.с.), бензин, механика, передний, 250 000 км;Пермь;330 000₽
Geely Emgrand EC7, 2013;https://auto.drom.ru/almetievsk/geely/emgrand/841811615.html;1.5 л (98 л.с.), бензин, механика, передний, 151 500 км;Альметьевск;410 000₽
Geely Emgrand EC7, 2013;https://auto.drom.ru/omsk/geely/emgrand/815527113.html;1.8 л (126 л.с.), бензин, механика, передний, 109 000 км;Омск;480 000₽
Geely Emgrand EC7, 2013;https://auto.drom.ru/kemerovo/geely/emgrand/665651030.html;1.5 л (98 л.с.), бензин, механика, передний, 275 000 км;Кемерово;400 000₽
Geely Emgrand EC7, 2016;https://auto.drom.ru/kaspiysk/geely/emgrand/571116101.html;1.8 л (129 л.с.), бензин, механика, передний, 150 000 км;Каспийск;820 000₽
Geely Emgrand EC7, 2013;https://auto.drom.ru/spb/geely/emgrand/569140658.html;1.8 л (126 л.с.), бензин, механика, передний, 115 000 км;Санкт-Петербург;310 000₽
Geely Emgrand EC7, 2016;https://auto.drom.ru/bugulma/geely/emgrand/378600432.html;1.5 л (106 л.с.), бензин, механика, передний, 67 000 км;Бугульма;857 000₽
Geely Emgrand EC7, 2014;https://auto.drom.ru/omsk/geely/emgrand/197577301.html;1.5 л (98 л.с.), бензин, механика, передний, 133 100 км;Омск;419 000₽
Geely Emgrand EC7, 2014;https://auto.drom.ru/vladimir/geely/emgrand/106400246.html;1.8 л (126 л.с.), бензин, механика, передний, 175 000 км;Владимир;300 000₽
Geely Emgrand EC7, 2014;https://auto.drom.ru/lipetsk/geely/emgrand/266953141.html;1.8 л (126 л.с.), бензин, механика, передний, 190 000 км;Липецк;400 000₽
Geely Emgrand EC7, 2012;https://auto.drom.ru/naberezhnye-chelny/geely/emgrand/265480424.html;1.8 л (126 л.с.), бензин, механика, передний, 143 549 км;Набережные Челны;462 900₽
Geely Emgrand EC7, 2013;https://auto.drom.ru/tyumen/geely/emgrand/485355427.html;1.5 л (98 л.с.), бензин, механика, передний, 183 000 км;Тюмень;340 000₽
Geely Emgrand EC7, 2013;https://auto.drom.ru/surgut/geely/emgrand/327956174.html;1.8 л (126 л.с.), бензин, вариатор, передний, 186 910 км;Сургут;450 000₽
Geely Emgrand EC7, 2013;https://auto.drom.ru/krasnodar/geely/emgrand/825667324.html;1.5 л (98 л.с.), бензин, механика, передний, 127 000 км;Краснодар;565 000₽
Geely Emgrand EC7, 2019;https://auto.drom.ru/muravlenko/geely/emgrand/490002576.html;1.8 л (133 л.с.), бензин, механика, передний, 120 000 км;Муравленко;1 250 000₽
Geely Emgrand EC7, 2013;https://auto.drom.ru/ivanovo/geely/emgrand/334361923.html;1.8 л (126 л.с.), бензин, вариатор, передний, 230 550 км;Иваново;385 000₽
Geely Emgrand EC7, 2013;https://auto.drom.ru/totma/geely/emgrand/692290986.html;1.5 л (98 л.с.), бензин, механика, передний, 130 000 км;Тотьма;350 000₽
Geely Emgrand EC7, 2013;https://auto.drom.ru/ufa/geely/emgrand/517457120.html;1.8 л (126 л.с.), бензин, механика, передний, 42 000 км;Уфа;650 000₽
Geely Emgrand EC7, 2013;https://auto.drom.ru/anzhero-sudzhensk/geely/emgrand/231380107.html;1.5 л (98 л.с.), бензин, механика, передний, 170 км;Анжеро-Судженск;450 000₽
Geely Emgrand EC7, 2019;https://auto.drom.ru/aksay/geely/emgrand/338842284.html;1.8 л (133 л.с.), бензин, вариатор, передний, 140 428 км;Аксай;950 000₽
Geely Emgrand EC7, 2013;https://auto.drom.ru/omsk/geely/emgrand/279199543.html;1.5 л (98 л.с.), бензин, механика, передний, 106 224 км;Омск;565 000₽
Geely Emgrand EC7, 2014;https://auto.drom.ru/simferopol/geely/emgrand/448675278.html;1.8 л (126 л.с.), бензин, механика, передний, 132 000 км;Симферополь;790 000₽
Geely Emgrand EC7, 2013;https://auto.drom.ru/volgograd/geely/emgrand/807464288.html;1.5 л (98 л.с.), бензин, механика, передний, 146 211 км;Волгоград;445 000₽
Geely Emgrand EC7, 2014;https://auto.drom.ru/omsk/geely/emgrand/747421142.html;1.5 л (98 л.с.), бензин, механика, передний, 118 000 км;Омск;439 000₽
Geely Emgrand EC7, 2016;https://auto.drom.ru/barnaul/geely/emgrand/778819184.html;1.8 л (129 л.с.), бензин, вариатор, передний, 111 672 км;Барнаул;799 000₽
Geely Emgrand EC7, 2013;https://auto.drom.ru/kemerovo/geely/emgrand/735582900.html;1.8 л (126 л.с.), бензин, вариатор, передний, 144 000 км;Кемерово;430 000₽
Geely Emgrand EC7, 2014;https://auto.drom.ru/tomsk/geely/emgrand/643782432.html;1.5 л (98 л.с.), бензин, механика, передний, 163 224 км;Томск;499 999₽
Geely Emgrand EC7, 2013;https://auto.drom.ru/kushva/geely/emgrand/908047309.html;1.8 л (126 л.с.), бензин, механика, передний, 188 000 км;Кушва;490 000₽
Geely Emgrand EC7, 2013;https://auto.drom.ru/orsk/geely/emgrand/856449994.html;1.5 л (98 л.с.), бензин, механика, передний, 230 000 км;Орск;460 000₽
Geely Emgrand EC7, 2016;https://auto.drom.ru/primorskiy-krym/geely/emgrand/801121457.html;1.8 л (129 л.с.), бензин, механика, передний, 178 000 км;Приморский;760 000₽
Geely Emgrand EC7, 2012;https://auto.drom.ru/astrahan/geely/emgrand/600616507.html;1.8 л (126 л.с.), бензин, механика, передний, 136 210 км;Астрахань;399 900₽
Geely Emgrand EC7, 2012;https://auto.drom.ru/kemerovo/geely/emgrand/523951057.html;1.8 л (126 л.с.), бензин, механика, передний, 211 000 км;Кемерово;350 000₽
Geely Emgrand EC7, 2013;https://auto.drom.ru/kazan/geely/emgrand/489393790.html;1.5 л (98 л.с.), бензин, механика, передний, 150 193 км;Казань;312 150₽
Geely Emgrand EC7, 2013;https://auto.drom.ru/omsk/geely/emgrand/268588883.html;1.8 л (126 л.с.), бензин, механика, передний, 135 000 км;Омск;450 000₽
Geely Emgrand EC7, 2013;https://auto.drom.ru/chelyabinsk/geely/emgrand/252944305.html;1.8 л (126 л.с.), бензин, механика, передний, 148 351 км;Челябинск;590 000₽
Geely Emgrand EC7, 2013;https://auto.drom.ru/gukovo/geely/emgrand/128432637.html;1.8 л (126 л.с.), бензин, механика, передний, 205 000 км;Гуково;585 000₽
Geely Emgrand EC7, 2013;https://auto.drom.ru/spb/geely/emgrand/125139990.html;1.5 л (98 л.с.), бензин, механика, передний, 86 000 км;Санкт-Петербург;500 000₽
Geely Emgrand EC7, 2015;https://auto.drom.ru/sevastopol/geely/emgrand/753123734.html;1.5 л (98 л.с.), бензин, механика, передний, 128 000 км;Севастополь;600 000₽
Geely Emgrand EC7, 2018;https://auto.drom.ru/minsk/geely/emgrand/497958031.html;1.8 л (133 л.с.), бензин, вариатор, передний, 105 634 км;Минск;770 000₽
Geely Emgrand EC7, 2012;https://auto.drom.ru/onohino/geely/emgrand/211457109.html;1.5 л (98 л.с.), бензин, механика, передний, 127 000 км;Онохино;150 000₽
Geely Emgrand EC7, 2014;https://auto.drom.ru/omsk/geely/emgrand/540456764.html;1.5 л (98 л.с.), бензин, механика, передний, 82 000 км;Омск;520 000₽
Geely Emgrand EC7, 2013;https://auto.drom.ru/nizhnevartovsk/geely/emgrand/648757401.html;1.5 л (98 л.с.), бензин, механика, передний, 109 000 км;Нижневартовск;450 000₽
Geely Emgrand EC7, 2014;https://auto.drom.ru/kazan/geely/emgrand/108799039.html;1.8 л (126 л.с.), бензин, механика, передний;Казань;330 000₽
Geely Emgrand EC7, 2013;https://auto.drom.ru/sterlitamak/geely/emgrand/256897678.html;1.5 л (98 л.с.), бензин, механика, передний, 156 321 км;Стерлитамак;410 000₽
Geely Emgrand EC7, 2014;https://auto.drom.ru/simferopol/geely/emgrand/766436982.html;1.8 л (126 л.с.), бензин, вариатор, передний, 60 000 км;Симферополь;200 000₽
Geely Emgrand EC7, 2012;https://auto.drom.ru/volgograd/geely/emgrand/784941385.html;1.8 л (126 л.с.), бензин, механика, передний, 148 652 км;Волгоград;469 000₽
Geely Emgrand EC7, 2013;https://auto.drom.ru/chelyabinsk/geely/emgrand/53778582.html;1.5 л (98 л.с.), бензин, механика, передний, 165 000 км;Челябинск;570 000₽
Geely Emgrand EC7, 2014;https://auto.drom.ru/kazan/geely/emgrand/932145870.html;1.8 л (126 л.с.), бензин, механика, передний, 174 401 км;Казань;270 000₽
Geely Emgrand EC7, 2013;https://auto.drom.ru/feodosiya/geely/emgrand/755394310.html;1.8 л (126 л.с.), бензин, механика, передний, 194 000 км;Феодосия;500 000₽
Geely Emgrand EC7, 2013;https://auto.drom.ru/buguruslan/geely/emgrand/713040925.html;1.5 л (98 л.с.), бензин, механика, передний, 145 000 км;Бугуруслан;485 000₽
Geely Emgrand EC7, 2013;https://auto.drom.ru/mokrousovo/geely/emgrand/626592174.html;1.8 л (126 л.с.), бензин, механика, передний, 180 000 км;Мокроусово;320 000₽
Geely Emgrand EC7, 2014;https://auto.drom.ru/perm/geely/emgrand/436005391.html;1.8 л (126 л.с.), бензин, механика, передний, 125 000 км;Пермь;424 000₽
Geely Emgrand EC7, 2016;https://auto.drom.ru/saratov/geely/emgrand/279061519.html;1.5 л (106 л.с.), бензин, механика, передний, 89 000 км;Саратов;1 150 000₽
Geely Emgrand EC7, 2014;https://auto.drom.ru/mosalsk/geely/emgrand/697999163.html;1.8 л (126 л.с.), бензин, механика, передний, 206 000 км;Мосальск;373 000₽
Geely Emgrand EC7, 2013;https://auto.drom.ru/sevastopol/geely/emgrand/561661475.html;1.5 л (98 л.с.), бензин, механика, передний, 255 000 км;Севастополь;560 000₽
Geely Emgrand EC7, 2014;https://auto.drom.ru/bryansk/geely/emgrand/248958518.html;1.8 л (126 л.с.), бензин, вариатор, передний, 198 300 км;Брянск;580 000₽
Geely Emgrand EC7, 2012;https://auto.drom.ru/omsk/geely/emgrand/236213787.html;1.8 л (126 л.с.), бензин, механика, передний, 223 877 км;Омск;380 000₽
Geely Emgrand EC7, 2013;https://auto.drom.ru/spb/geely/emgrand/694120608.html;1.8 л (126 л.с.), бензин, механика, передний, 133 000 км;Санкт-Петербург;299 000₽
Geely Emgrand EC7, 2014;https://auto.drom.ru/kemerovo/geely/emgrand/942017659.html;1.8 л (126 л.с.), бензин, механика, передний, 156 200 км;Кемерово;460 000₽
Geely Emgrand EC7, 2013;https://auto.drom.ru/ekaterinburg/geely/emgrand/222177762.html;1.5 л (98 л.с.), бензин, механика, передний, 169 940 км;Екатеринбург;429 000₽
Geely Emgrand EC7, 2012;https://auto.drom.ru/kropotkin/geely/emgrand/855378703.html;1.5 л (98 л.с.), бензин, механика, передний, 131 000 км;Кропоткин;529 000₽
Geely Emgrand EC7, 2013;https://auto.drom.ru/simferopol/geely/emgrand/898517242.html;1.8 л (126 л.с.), бензин, механика, передний, 187 000 км;Симферополь;815 000₽
Geely Emgrand EC7, 2014;https://auto.drom.ru/volgograd/geely/emgrand/833513025.html;1.5 л (98 л.с.), бензин, механика, передний, 44 588 км;Волгоград;700 000₽
Geely Emgrand EC7, 2012;https://auto.drom.ru/yalta/geely/emgrand/805693368.html;1.8 л (126 л.с.), бензин, механика, передний, 156 300 км;Ялта;670 000₽
Geely Emgrand EC7, 2013;https://auto.drom.ru/barnaul/geely/emgrand/727814102.html;1.8 л (126 л.с.), бензин, механика, передний, 235 000 км;Барнаул;570 000₽
Geely Emgrand EC7, 2012;https://auto.drom.ru/kingisepp/geely/emgrand/485589938.html;1.5 л (98 л.с.), бензин, механика, передний, 187 000 км;Кингисепп;280 000₽
Geely Emgrand EC7, 2013;https://auto.drom.ru/sevastopol/geely/emgrand/441060576.html;1.5 л (98 л.с.), бензин, механика, передний, 157 980 км;Севастополь;770 000₽
Geely Emgrand EC7, 2013;https://auto.drom.ru/volgograd/geely/emgrand/439010783.html;1.5 л (98 л.с.), бензин, механика, передний, 140 000 км;Волгоград;600 000₽
Geely Emgrand EC7, 2013;https://auto.drom.ru/petrozavodsk/geely/emgrand/426481324.html;1.8 л (126 л.с.), бензин, вариатор, передний, 124 373 км;Петрозаводск;450 000₽
Geely Emgrand EC7, 2014;https://auto.drom.ru/alapaevsk/geely/emgrand/404204954.html;1.8 л (126 л.с.), бензин, механика, передний, 99 800 км;Алапаевск;550 000₽
Geely Emgrand EC7, 2013;https://auto.drom.ru/ufa/geely/emgrand/293584073.html;1.8 л (126 л.с.), бензин, вариатор, передний, 146 592 км;Уфа;629 000₽
Geely Emgrand EC7, 2016;https://auto.drom.ru/volzhskiy/geely/emgrand/697846375.html;1.8 л (129 л.с.), бензин, механика, передний, 82 000 км;Волжский;780 000₽
Geely Emgrand EC7, 2014;https://auto.drom.ru/moscow/geely/emgrand/271834294.html;1.8 л (126 л.с.), бензин, механика, передний, 127 800 км;Москва;575 000₽
Geely Emgrand EC7, 2013;https://auto.drom.ru/kurgan/geely/emgrand/239994299.html;1.8 л (126 л.с.), бензин, механика, передний, 280 000 км;Курган;300 000₽
Geely Emgrand EC7, 2013;https://auto.drom.ru/tyumen/geely/emgrand/941574846.html;1.8 л (126 л.с.), бензин, механика, передний, 253 000 км;Тюмень;580 000₽
Geely Emgrand EC7, 2014;https://auto.drom.ru/armyansk/geely/emgrand/872043044.html;1.8 л (126 л.с.), бензин, механика, передний, 108 000 км;Армянск;765 000₽
Geely Emgrand EC7, 2013;https://auto.drom.ru/ufa/geely/emgrand/572217918.html;1.8 л (126 л.с.), бензин, вариатор, передний, 146 592 км;Уфа;639 000₽
Geely Emgrand EC7, 2012;https://auto.drom.ru/ulyanovsk/geely/emgrand/463989586.html;1.5 л (98 л.с.), бензин, механика, передний, 160 000 км;Ульяновск;270 000₽
Geely Emgrand EC7, 2014;https://auto.drom.ru/perm/geely/emgrand/457827561.html;1.8 л (126 л.с.), бензин, механика, передний, 135 000 км;Пермь;650 000₽
Geely Emgrand EC7, 2012;https://auto.drom.ru/podolsk/geely/emgrand/224397316.html;1.5 л (98 л.с.), бензин, механика, передний, 270 000 км;Подольск;115 000₽
Geely Emgrand EC7, 2013;https://auto.drom.ru/anapa/geely/emgrand/831177303.html;1.8 л (126 л.с.), бензин, вариатор, передний, 124 000 км;Анапа;670 000₽
Geely Emgrand EC7, 2013;https://auto.drom.ru/pyatigorsk/geely/emgrand/356604770.html;1.8 л (126 л.с.), бензин, механика, передний, 81 252 км;Пятигорск;645 000₽
Geely Emgrand EC7, 2013;https://auto.drom.ru/kemerovo/geely/emgrand/883640381.html;1.5 л (98 л.с.), бензин, механика, передний, 220 000 км;Кемерово;460 000₽
Geely Emgrand EC7, 2014;https://auto.drom.ru/novocherkassk/geely/emgrand/766115785.html;1.8 л (126 л.с.), бензин, вариатор, передний, 159 000 км;Новочеркасск;590 000₽
Geely Emgrand EC7, 2013;https://auto.drom.ru/perm/geely/emgrand/737126295.html;1.8 л (126 л.с.), бензин, механика, передний;Пермь;200 000₽
Geely Emgrand EC7, 2014;https://auto.drom.ru/volgograd/geely/emgrand/273300934.html;1.5 л (98 л.с.), бензин, механика, передний, 135 211 км;Волгоград;499 000₽
Geely Emgrand EC7, 2013;https://auto.drom.ru/kemerovo/geely/emgrand/399391044.html;1.5 л (98 л.с.), бензин, механика, передний, 260 200 км;Кемерово;400 000₽
Geely Emgrand EC7, 2013;https://auto.drom.ru/zlatoust/geely/emgrand/889235153.html;1.5 л (98 л.с.), бензин, механика, передний, 241 000 км;Златоуст;310 000₽
Geely Emgrand EC7, 2014;https://auto.drom.ru/krasnodar/geely/emgrand/888261079.html;1.8 л (126 л.с.), бензин, механика, передний, 236 453 км;Краснодар;520 000₽
Geely Emgrand EC7, 2016;https://auto.drom.ru/simferopol/geely/emgrand/674832183.html;1.8 л (126 л.с.), бензин, вариатор, передний, 130 000 км;Симферополь;1 098 000₽
Geely Emgrand EC7, 2014;https://auto.drom.ru/belgorod/geely/emgrand/673927431.html;1.8 л (126 л.с.), бензин, механика, передний, 142 641 км,  серебристый;Белгород;365 000₽
Geely Emgrand EC7, 2013;https://auto.drom.ru/ekaterinburg/geely/emgrand/569435614.html;1.8 л (126 л.с.), бензин, механика, передний, 306 000 км;Екатеринбург;260 000₽
Geely Emgrand EC7, 2014;https://auto.drom.ru/spb/geely/emgrand/324350795.html;1.8 л (126 л.с.), бензин, вариатор, передний, 150 000 км;Санкт-Петербург;550 000₽
Geely Emgrand EC7, 2013;https://auto.drom.ru/anna-voronezh/geely/emgrand/151397991.html;1.5 л (98 л.с.), бензин, механика, передний, 150 000 км;Анна;460 000₽
Geely Emgrand EC7, 2013;https://auto.drom.ru/kerch/geely/emgrand/563323603.html;1.8 л (126 л.с.), бензин, механика, передний, 197 573 км;Керчь;590 000₽
Geely Emgrand EC7, 2014;https://auto.drom.ru/krasnodar/geely/emgrand/831405935.html;1.8 л (126 л.с.), бензин, механика, передний, 115 000 км;Краснодар;550 000₽
Geely Emgrand EC7, 2014;https://auto.drom.ru/stariy-oskol/geely/emgrand/653237727.html;1.8 л (126 л.с.), бензин, механика, передний, 111 111 км;Старый Оскол;539 000₽
Geely Emgrand EC7, 2018;https://auto.drom.ru/cheboksary/geely/emgrand/743268631.html;1.8 л (129 л.с.), бензин, механика, передний, 154 985 км;Чебоксары;799 000₽
Geely Emgrand EC7, 2013;https://auto.drom.ru/maykop/geely/emgrand/473908219.html;1.5 л (98 л.с.), бензин, механика, передний, 66 051 км;Майкоп;600 000₽
Geely Emgrand EC7, 2013;https://auto.drom.ru/chelyabinsk/geely/emgrand/756042934.html;1.8 л (126 л.с.), бензин, механика, передний, 152 000 км;Челябинск;335 000₽
Geely Emgrand EC7, 2013;https://auto.drom.ru/kanevskaya/geely/emgrand/613429906.html;1.5 л (98 л.с.), бензин, механика, передний, 137 000 км;Каневская;575 000₽
Geely Emgrand EC7, 2014;https://auto.drom.ru/belgorod/geely/emgrand/925740780.html;1.8 л (126 л.с.), бензин, механика, передний, 154 000 км;Белгород;445 000₽
Geely Emgrand EC7, 2012;https://auto.drom.ru/ekaterinburg/geely/emgrand/723178190.html;1.5 л (98 л.с.), бензин, механика, передний, 198 700 км;Екатеринбург;400 000₽
Geely Emgrand EC7, 2013;https://auto.drom.ru/omsk/geely/emgrand/635572419.html;1.8 л (126 л.с.), бензин, вариатор, передний, 100 000 км;Омск;499 000₽
Geely Emgrand EC7, 2013;https://auto.drom.ru/chelyabinsk/geely/emgrand/860437047.html;1.8 л (126 л.с.), бензин, механика, передний, 169 381 км;Челябинск;550 000₽
Geely Emgrand EC7, 2014;https://auto.drom.ru/surgut/geely/emgrand/833124767.html;1.8 л (126 л.с.), бензин, вариатор, передний, 155 000 км;Сургут;510 000₽
Geely Emgrand EC7, 2014;https://auto.drom.ru/petrozavodsk/geely/emgrand/813261531.html;1.8 л (126 л.с.), бензин, механика, передний, 180 000 км;Петрозаводск;530 000₽
Geely Emgrand EC7, 2014;https://auto.drom.ru/severodvinsk/geely/emgrand/597621568.html;1.5 л (98 л.с.), бензин, механика, передний, 120 136 км;Северодвинск;290 000₽
Geely Emgrand EC7, 2013;https://auto.drom.ru/volgograd/geely/emgrand/409481489.html;1.5 л (98 л.с.), бензин, механика, передний, 220 000 км;Волгоград;500 000₽
Geely Emgrand EC7, 2013;https://auto.drom.ru/nalchik/geely/emgrand/727265863.html;1.5 л (98 л.с.), бензин, механика, передний;Нальчик;600 000₽
Geely Emgrand EC7, 2016;https://auto.drom.ru/sterlitamak/geely/emgrand/775617754.html;1.8 л (129 л.с.), бензин, механика, передний, 175 171 км;Стерлитамак;800 000₽
Geely Emgrand EC7, 2013;https://auto.drom.ru/sevastopol/geely/emgrand/608799271.html;1.8 л (126 л.с.), бензин, вариатор, передний, 63 700 км;Севастополь;845 000₽
Geely Emgrand EC7, 2014;https://auto.drom.ru/anzhero-sudzhensk/geely/emgrand/690572995.html;1.8 л (126 л.с.), бензин, механика, передний, 162 929 км;Анжеро-Судженск;485 000₽
Geely Emgrand EC7, 2013;https://auto.drom.ru/dzerzhinsk/geely/emgrand/837000077.html;1.5 л (98 л.с.), бензин, механика, передний, 90 000 км;Дзержинск;490 000₽
Geely Emgrand EC7, 2013;https://auto.drom.ru/alapaevsk/geely/emgrand/805551648.html;1.5 л (98 л.с.), бензин, механика, передний, 170 000 км;Алапаевск;460 000₽
Geely Emgrand EC7, 2013;https://auto.drom.ru/saratov/geely/emgrand/762198684.html;1.8 л (126 л.с.), бензин, механика, передний, 190 000 км;Саратов;275 000₽
Geely Emgrand EC7, 2013;https://auto.drom.ru/saratov/geely/emgrand/759796680.html;1.8 л (126 л.с.), бензин, механика, передний, 146 700 км;Саратов;450 000₽
Geely Emgrand EC7, 2013;https://auto.drom.ru/ishim/geely/emgrand/560230578.html;1.8 л (126 л.с.), бензин, механика, передний, 360 000 км;Ишим;220 000₽
Geely Emgrand EC7, 2013;https://auto.drom.ru/nefteyugansk/geely/emgrand/545048347.html;1.5 л (98 л.с.), бензин, механика, передний, 145 130 км;Нефтеюганск;400 000₽
Geely Emgrand EC7, 2012;https://auto.drom.ru/sofievka/geely/emgrand/384252944.html;1.5 л (98 л.с.), бензин, механика, передний, 301 000 км;Софиевка;400 000₽
Geely Emgrand EC7, 2014;https://auto.drom.ru/stavropol/geely/emgrand/607222547.html;1.5 л (98 л.с.), бензин, механика, передний, 185 000 км;Ставрополь;450 000₽
Geely Emgrand EC7, 2012;https://auto.drom.ru/donetsk/geely/emgrand/235118988.html;1.8 л (127 л.с.), бензин, автомат, передний, 83 000 км;Донецк;350 000₽
Geely Emgrand EC7, 2013;https://auto.drom.ru/kemerovo/geely/emgrand/121619962.html;1.8 л (126 л.с.), бензин, механика, передний, 86 500 км;Кемерово;486 000₽
Geely Emgrand EC7, 2013;https://auto.drom.ru/berezovskiy-sverd/geely/emgrand/725717626.html;1.8 л (126 л.с.), бензин, вариатор, передний, 190 500 км;Берёзовский;300 000₽
Geely Emgrand EC7, 2014;https://auto.drom.ru/kemerovo/geely/emgrand/810834576.html;1.8 л (126 л.с.), бензин, механика, передний, 214 000 км;Кемерово;299 000₽
Geely Emgrand EC7, 2014;https://auto.drom.ru/volgograd/geely/emgrand/468168373.html;1.8 л (126 л.с.), бензин, механика, передний, 161 400 км;Волгоград;519 000₽
Geely Emgrand EC7, 2011;https://auto.drom.ru/novorossiysk/geely/emgrand/898336866.html;1.8 л (126 л.с.), бензин, механика, передний, 281 000 км;Новороссийск;500 000₽
Geely Emgrand EC7, 2014;https://auto.drom.ru/simferopol/geely/emgrand/866306541.html;1.8 л (126 л.с.), бензин, механика, передний, 169 000 км;Симферополь;550 000₽
Geely Emgrand EC7, 2012;https://auto.drom.ru/chelyabinsk/geely/emgrand/770055563.html;1.8 л (126 л.с.), бензин, механика, передний, 174 000 км;Челябинск;400 000₽
Geely Emgrand EC7, 2013;https://auto.drom.ru/rostov-na-donu/geely/emgrand/722811149.html;1.8 л (126 л.с.), бензин, механика, передний, 261 000 км;Ростов-на-Дону;505 000₽
Geely Emgrand EC7, 2013;https://auto.drom.ru/omsk/geely/emgrand/625253546.html;1.5 л (98 л.с.), бензин, механика, передний, 190 000 км;Омск;550 000₽
Geely Emgrand EC7, 2013;https://auto.drom.ru/tavricheskoe/geely/emgrand/306964923.html;1.5 л (98 л.с.), бензин, механика, передний, 162 000 км;Таврическое;520 000₽
Geely Emgrand EC7, 2013;https://auto.drom.ru/omsk/geely/emgrand/541051839.html;1.5 л (98 л.с.), бензин, механика, передний, 230 000 км;Омск;370 000₽
Geely Emgrand EC7, 2013;https://auto.drom.ru/smolensk/geely/emgrand/914821122.html;1.8 л (126 л.с.), бензин, вариатор, передний, 235 000 км;Смоленск;390 000₽
Geely Emgrand EC7, 2013;https://auto.drom.ru/sysert/geely/emgrand/568799862.html;1.8 л (126 л.с.), бензин, механика, передний, 212 000 км;Сысерть;300 000₽
Geely Emgrand EC7, 2013;https://auto.drom.ru/dolgoprudniy/geely/emgrand/331655637.html;1.8 л (126 л.с.), бензин, вариатор, передний, 101 600 км;Долгопрудный;650 000₽
Geely Emgrand EC7, 2012;https://auto.drom.ru/krasnodar/geely/emgrand/331233990.html;1.5 л (98 л.с.), бензин, механика, передний, 120 000 км;Краснодар;449 000₽
Geely Emgrand EC7, 2016;https://auto.drom.ru/simferopol/geely/emgrand/165446252.html;1.8 л (129 л.с.), бензин, механика, передний, 85 500 км;Симферополь;900 000₽
Geely Emgrand EC7, 2013;https://auto.drom.ru/kropotkin/geely/emgrand/369769618.html;1.8 л (126 л.с.), бензин, механика, передний, 199 000 км;Кропоткин;337 000₽
Geely Emgrand EC7, 2013;https://auto.drom.ru/togliatti/geely/emgrand/795884948.html;1.8 л (126 л.с.), бензин, механика, передний, 121 848 км;Тольятти;400 000₽
Geely Emgrand EC7, 2013;https://auto.drom.ru/volgograd/geely/emgrand/518249896.html;1.8 л (126 л.с.), бензин, механика, передний, 174 000 км;Волгоград;630 000₽
Geely Emgrand EC7, 2013;https://auto.drom.ru/omsk/geely/emgrand/248285089.html;1.5 л (98 л.с.), бензин, механика, передний, 170 000 км;Омск;499 000₽
Geely Emgrand EC7, 2015;https://auto.drom.ru/sterlitamak/geely/emgrand/425114381.html;1.5 л (98 л.с.), бензин, механика, передний, 123 586 км;Стерлитамак;490 000₽
Geely Emgrand EC7, 2013;https://auto.drom.ru/omsk/geely/emgrand/345229122.html;1.5 л (98 л.с.), бензин, механика, передний, 190 000 км;Омск;480 000₽
Geely Emgrand EC7, 2013;https://auto.drom.ru/sergiev-posad/geely/emgrand/809306759.html;1.8 л (126 л.с.), бензин, механика, передний, 230 000 км;Сергиев Посад;249 000₽
Geely Emgrand EC7, 2013;https://auto.drom.ru/tobolsk/geely/emgrand/644619951.html;1.8 л (126 л.с.), бензин, механика, передний, 148 525 км;Тобольск;480 000₽
Geely Emgrand EC7, 2016;https://auto.drom.ru/omsk/geely/emgrand/154828581.html;1.8 л (129 л.с.), бензин, вариатор, передний, 215 000 км;Омск;720 000₽
Geely Emgrand EC7, 2013;https://auto.drom.ru/dzhankoy/geely/emgrand/736187619.html;1.5 л (98 л.с.), бензин, механика, передний, 126 000 км;Джанкой;689 000₽
Geely Emgrand EC7, 2013;https://auto.drom.ru/simferopol/geely/emgrand/614223671.html;1.8 л (126 л.с.), бензин, вариатор, передний;Симферополь;485 000₽
Geely Emgrand EC7, 2013;https://auto.drom.ru/ekaterinburg/geely/emgrand/234539766.html;1.5 л (98 л.с.), бензин, механика, передний, 190 000 км,  черный;Екатеринбург;400 000₽
Geely Emgrand EC7, 2014;https://auto.drom.ru/omsk/geely/emgrand/136840471.html;1.5 л (98 л.с.), бензин, механика, передний, 118 000 км;Омск;520 000₽
Geely Emgrand EC7, 2013;https://auto.drom.ru/yevpatoriya/geely/emgrand/51573179.html;1.8 л (126 л.с.), бензин, механика, передний, 185 000 км;Евпатория;525 000₽
Geely Emgrand EC7, 2013;https://auto.drom.ru/chelyabinsk/geely/emgrand/855047947.html;1.5 л (98 л.с.), бензин, механика, передний, 130 000 км;Челябинск;565 000₽
Geely Emgrand EC7, 2013;https://auto.drom.ru/kirov/geely/emgrand/599034624.html;1.8 л (126 л.с.), бензин, вариатор, передний, 115 000 км;Киров;445 000₽
Geely Emgrand EC7, 2014;https://auto.drom.ru/omsk/geely/emgrand/880266950.html;1.8 л (126 л.с.), бензин, вариатор, передний, 200 000 км;Омск;280 000₽
Geely Emgrand EC7, 2013;https://auto.drom.ru/perm/geely/emgrand/290809850.html;1.5 л (98 л.с.), бензин, механика, передний, 143 500 км;Пермь;425 000₽
Geely Emgrand EC7, 2014;https://auto.drom.ru/krasnoyarsk/geely/emgrand/266163558.html;1.5 л (98 л.с.), бензин, механика, передний, 190 000 км;Красноярск;530 000₽
Geely Emgrand EC7, 2013;https://auto.drom.ru/bratsk/geely/emgrand/54121388.html;1.5 л (98 л.с.), бензин, механика, передний, 50 000 км;Братск;500 000₽
Geely Emgrand EC7, 2014;https://auto.drom.ru/omsk/geely/emgrand/737717792.html;1.5 л (98 л.с.), бензин, механика, передний, 134 000 км;Омск;559 000₽
Geely Emgrand EC7, 2016;https://auto.drom.ru/voronezh/geely/emgrand/653348549.html;1.5 л (106 л.с.), бензин, механика, передний, 159 000 км;Воронеж;700 000₽
Geely Emgrand EC7, 2013;https://auto.drom.ru/sargatskoe/geely/emgrand/774366733.html;1.8 л (126 л.с.), бензин, механика, передний, 114 000 км;Саргатское;400 000₽
Geely Emgrand EC7, 2013;https://auto.drom.ru/krasnodar/geely/emgrand/813495386.html;1.8 л (126 л.с.), бензин, механика, передний, 216 709 км;Краснодар;515 000₽
Geely Emgrand EC7, 2012;https://auto.drom.ru/ekaterinburg/geely/emgrand/841259557.html;1.5 л (98 л.с.), бензин, механика, передний, 178 700 км;Екатеринбург;300 000₽
Geely Emgrand EC7, 2013;https://auto.drom.ru/samara/geely/emgrand/789148575.html;1.8 л (126 л.с.), бензин, механика, передний, 138 001 км;Самара;320 000₽
Geely Emgrand EC7, 2013;https://auto.drom.ru/ishim/geely/emgrand/623607632.html;1.8 л (126 л.с.), бензин, вариатор, передний, 157 000 км;Ишим;570 000₽
Geely Emgrand EC7, 2012;https://auto.drom.ru/ekaterinburg/geely/emgrand/882022853.html;1.8 л (126 л.с.), бензин, механика, передний, 200 000 км;Екатеринбург;350 000₽
Geely Emgrand EC7, 2016;https://auto.drom.ru/simferopol/geely/emgrand/432284838.html;1.8 л (129 л.с.), бензин, вариатор, передний, 145 000 км;Симферополь;690 000₽
Geely Emgrand EC7, 2016;https://auto.drom.ru/taganrog/geely/emgrand/129885034.html;1.8 л (126 л.с.), бензин, вариатор, передний, 99 800 км;Таганрог;849 900₽
Geely Emgrand EC7, 2014;https://auto.drom.ru/volgograd/geely/emgrand/617772708.html;1.5 л (98 л.с.), бензин, механика, передний, 174 121 км;Волгоград;479 000₽
Geely Emgrand EC7, 2013;https://auto.drom.ru/krasnodar/geely/emgrand/614887677.html;1.8 л (126 л.с.), бензин, вариатор, передний, 162 000 км;Краснодар;485 000₽
Geely Emgrand EC7, 2016;https://auto.drom.ru/gomel/geely/emgrand/574098843.html;1.8 л (129 л.с.), бензин, механика, передний, 263 000 км;Гомель;504 000₽
Geely Emgrand EC7, 2014;https://auto.drom.ru/chelyabinsk/geely/emgrand/884352623.html;1.8 л (126 л.с.), бензин, механика, передний, 209 500 км;Челябинск;350 000₽
Geely Emgrand EC7, 2013;https://auto.drom.ru/noviy-urengoy/geely/emgrand/929465212.html;1.8 л (126 л.с.), бензин, механика, передний, 173 333 км;Новый Уренгой;550 000₽
Geely Emgrand EC7, 2012;https://auto.drom.ru/tobolsk/geely/emgrand/897528537.html;1.5 л (98 л.с.), бензин, механика, передний, 227 800 км;Тобольск;280 000₽
Geely Emgrand EC7, 2013;https://auto.drom.ru/krasnodar/geely/emgrand/536694798.html;1.8 л (126 л.с.), бензин, вариатор, передний, 193 000 км;Краснодар;530 000₽
Geely Emgrand EC7, 2013;https://auto.drom.ru/cheboksary/geely/emgrand/412036889.html;1.8 л (126 л.с.), бензин, вариатор, передний, 135 000 км;Чебоксары;300 000₽
Geely Emgrand EC7, 2015;https://auto.drom.ru/sterlitamak/geely/emgrand/354285497.html;1.8 л (126 л.с.), бензин, механика, передний, 159 000 км;Стерлитамак;120 000₽
Geely Emgrand EC7, 2014;https://auto.drom.ru/simferopol/geely/emgrand/205374624.html;1.5 л (98 л.с.), бензин, механика, передний, 162 316 км;Симферополь;550 000₽
Geely Emgrand EC7, 2014;https://auto.drom.ru/almetievsk/geely/emgrand/703962434.html;1.5 л (98 л.с.), бензин, механика, передний, 145 989 км;Альметьевск;455 000₽
Geely Emgrand EC7, 2013;https://auto.drom.ru/taganrog/geely/emgrand/808787769.html;1.5 л (98 л.с.), бензин, механика, передний, 180 000 км;Таганрог;490 000₽
Geely Emgrand EC7, 2013;https://auto.drom.ru/moscow/geely/emgrand/565470390.html;1.5 л (98 л.с.), бензин, механика, передний, 227 000 км;Москва;559 000₽
Geely Emgrand EC7, 2013;https://auto.drom.ru/saratov/geely/emgrand/224375585.html;1.5 л (98 л.с.), бензин, механика, передний, 94 000 км;Саратов;530 000₽
Geely Emgrand EC7, 2013;https://auto.drom.ru/voronezh/geely/emgrand/933359593.html;1.8 л (126 л.с.), бензин, вариатор, передний, 85 558 км;Воронеж;500 000₽
Geely Emgrand EC7, 2015;https://auto.drom.ru/moscow/geely/emgrand/531910112.html;1.8 л (126 л.с.), бензин, механика, передний, 128 000 км;Москва;555 000₽
Geely Emgrand EC7, 2013;https://auto.drom.ru/ekaterinburg/geely/emgrand/776847188.html;1.5 л (98 л.с.), бензин, механика, передний, 157 157 км;Екатеринбург;400 000₽
Geely Emgrand EC7, 2013;https://auto.drom.ru/liski/geely/emgrand/419923804.html;1.8 л (126 л.с.), бензин, механика, передний, 340 000 км,  серый;Лиски;410 000₽
Geely Emgrand EC7, 2013;https://auto.drom.ru/kurgan/geely/emgrand/938725119.html;1.8 л (126 л.с.), бензин, механика, передний, 165 000 км;Курган;329 000₽
Geely Emgrand EC7, 2014;https://auto.drom.ru/kerch/geely/emgrand/259245317.html;1.5 л (98 л.с.), бензин, механика, передний, 78 000 км;Керчь;680 000₽
Geely Emgrand EC7, 2012;https://auto.drom.ru/tyumen/geely/emgrand/919865221.html;1.8 л (126 л.с.), бензин, механика, передний, 217 244 км;Тюмень;400 000₽
Geely Emgrand EC7, 2013;https://auto.drom.ru/muromtsevo/geely/emgrand/767597226.html;1.8 л (126 л.с.), бензин, механика, передний, 193 154 км;Муромцево;520 000₽
Geely Emgrand EC7, 2013;https://auto.drom.ru/orenburg/geely/emgrand/714651534.html;1.8 л (126 л.с.), бензин, механика, передний, 204 000 км;Оренбург;200 000₽
Geely Emgrand EC7, 2013;https://auto.drom.ru/samara/geely/emgrand/631745477.html;1.8 л (126 л.с.), бензин, вариатор, передний, 165 998 км;Самара;440 000₽
Geely Emgrand EC7, 2012;https://auto.drom.ru/kemerovo/geely/emgrand/554906114.html;1.8 л (126 л.с.), бензин, механика, передний, 274 500 км;Кемерово;500 000₽
Geely Emgrand EC7, 2014;https://auto.drom.ru/samara/geely/emgrand/311171220.html;1.8 л (126 л.с.), бензин, механика, передний, 132 000 км;Самара;482 500₽
Geely Emgrand EC7, 2013;https://auto.drom.ru/oktyabrsk/geely/emgrand/292750831.html;1.5 л (98 л.с.), бензин, механика, передний, 81 500 км;Октябрьский;430 000₽
Geely Emgrand EC7, 2012;https://auto.drom.ru/simferopol/geely/emgrand/241780890.html;1.8 л (126 л.с.), бензин, механика, передний, 174 000 км;Симферополь;540 000₽
Geely Emgrand EC7, 2013;https://auto.drom.ru/tyumen/geely/emgrand/163515871.html;1.8 л (126 л.с.), бензин, механика, передний, 170 010 км;Тюмень;450 000₽
Geely Emgrand EC7, 2013;https://auto.drom.ru/orenburg/geely/emgrand/117458591.html;1.8 л (126 л.с.), бензин, механика, передний, 134 700 км;Оренбург;585 000₽
Geely Emgrand EC7, 2012;https://auto.drom.ru/belgorod/geely/emgrand/53561749.html;1.8 л (126 л.с.), бензин, механика, передний, 198 000 км;Белгород;310 000₽
Geely Emgrand EC7, 2014;https://auto.drom.ru/tyumen/geely/emgrand/727032432.html;1.5 л (98 л.с.), бензин, механика, передний, 188 000 км;Тюмень;395 000₽
Geely Emgrand EC7, 2019;https://auto.drom.ru/serpuhov/geely/emgrand/368696750.html;1.8 л (133 л.с.), бензин, вариатор, передний, 52 000 км;Серпухов;1 140 000₽
Geely Emgrand EC7, 2013;https://auto.drom.ru/pervouralsk/geely/emgrand/717699592.html;1.5 л (98 л.с.), бензин, механика, передний, 45 000 км;Первоуральск;550 000₽
Geely Emgrand EC7, 2016;https://auto.drom.ru/ufa/geely/emgrand/53317207.html;1.5 л (106 л.с.), бензин, механика, передний, 100 000 км;Уфа;347 800₽
Geely Emgrand EC7, 2014;https://auto.drom.ru/kemerovo/geely/emgrand/784296729.html;1.5 л (98 л.с.), бензин, механика, передний, 162 000 км;Кемерово;445 000₽
Geely Emgrand EC7, 2012;https://auto.drom.ru/kushchevskaya/geely/emgrand/843772501.html;1.8 л (126 л.с.), бензин, механика, передний, 100 000 км;Кущевская;666 666₽
Geely Emgrand EC7, 2013;https://auto.drom.ru/eiysk/geely/emgrand/604152766.html;1.8 л (126 л.с.), бензин, вариатор, передний, 118 000 км;Ейск;450 000₽
Geely Emgrand EC7, 2013;https://auto.drom.ru/feodosiya/geely/emgrand/543742336.html;1.5 л (98 л.с.), бензин, механика, передний, 186 250 км;Феодосия;615 000₽
Geely Emgrand EC7, 2013;https://auto.drom.ru/tyumen/geely/emgrand/243710765.html;1.8 л (126 л.с.), бензин, механика, передний, 106 000 км;Тюмень;400 000₽
Geely Emgrand EC7, 2014;https://auto.drom.ru/lubenskiy/geely/emgrand/108924414.html;1.5 л (98 л.с.), бензин, механика, передний, 175 000 км;Любинский;500 000₽
Geely Emgrand EC7, 2014;https://auto.drom.ru/chita/geely/emgrand/511906638.html;1.8 л (126 л.с.), бензин, вариатор, передний, 109 702 км;Чита;750 000₽
Geely Emgrand EC7, 2014;https://auto.drom.ru/simferopol/geely/emgrand/786267963.html;1.8 л (126 л.с.), бензин, вариатор, передний, 157 000 км;Симферополь;560 000₽
Geely Emgrand EC7, 2013;https://auto.drom.ru/simferopol/geely/emgrand/648470705.html;1.5 л (98 л.с.), бензин, механика, передний, 162 000 км;Симферополь;635 000₽
Geely Emgrand EC7, 2013;https://auto.drom.ru/ekaterinburg/geely/emgrand/797052705.html;1.8 л (126 л.с.), бензин, вариатор, передний, 195 000 км;Екатеринбург;425 000₽
Geely Emgrand EC7, 2014;https://auto.drom.ru/shahty/geely/emgrand/318652853.html;1.5 л (98 л.с.), бензин, механика, передний;Шахты;575 000₽
Geely Emgrand EC7, 2013;https://auto.drom.ru/shahty/geely/emgrand/883007861.html;1.5 л (98 л.с.), бензин, механика, передний;Шахты;697 000₽
Geely Emgrand EC7, 2013;https://auto.drom.ru/berezovskiy-sverd/geely/emgrand/346821814.html;1.8 л (126 л.с.), бензин, механика, передний, 220 000 км;Берёзовский;450 000₽
Geely Emgrand EC7, 2014;https://auto.drom.ru/igrim/geely/emgrand/868510614.html;1.8 л (126 л.с.), бензин, механика, передний, 94 674 км;Игрим;550 000₽
Geely Emgrand EC7, 2013;https://auto.drom.ru/moscow/geely/emgrand/731066376.html;1.5 л (98 л.с.), бензин, механика, передний, 53 000 км;Москва;550 000₽
Geely Emgrand EC7, 2013;https://auto.drom.ru/voronezh/geely/emgrand/628532249.html;1.8 л (126 л.с.), бензин, вариатор, передний, 95 000 км;Воронеж;650 000₽
Geely Emgrand EC7, 2013;https://auto.drom.ru/stavropol/geely/emgrand/625884883.html;1.8 л (126 л.с.), бензин, механика, передний, 335 689 км;Ставрополь;485 000₽
Geely Emgrand EC7, 2012;https://auto.drom.ru/tyumen/geely/emgrand/359434441.html;1.8 л (126 л.с.), бензин, механика, передний, 218 300 км;Тюмень;275 000₽
Geely Emgrand EC7, 2014;https://auto.drom.ru/kemerovo/geely/emgrand/306848395.html;1.8 л (126 л.с.), бензин, вариатор, передний, 104 000 км;Кемерово;499 999₽
Geely Emgrand EC7, 2020;https://auto.drom.ru/vladivostok/geely/emgrand/52744831.html;1.8 л (133 л.с.), бензин, вариатор, передний, 15 007 км;Владивосток;1 650 000₽
Geely Emgrand EC7, 2020;https://auto.drom.ru/vladivostok/geely/emgrand/52744661.html;1.8 л (133 л.с.), бензин, вариатор, передний, 18 664 км;Владивосток;1 650 000₽
Geely Emgrand EC7, 2020;https://auto.drom.ru/vladivostok/geely/emgrand/52744748.html;1.8 л (133 л.с.), бензин, вариатор, передний, 15 298 км;Владивосток;1 650 000₽
Geely Emgrand EC7, 2012;https://auto.drom.ru/tyumen/geely/emgrand/263272829.html;1.8 л (126 л.с.), бензин, механика, передний, 160 000 км;Тюмень;300 000₽
Geely Emgrand EC7, 2014;https://auto.drom.ru/simferopol/geely/emgrand/288206350.html;1.8 л (126 л.с.), бензин, вариатор, передний, 127 000 км;Симферополь;650 000₽
Geely Emgrand EC7, 2013;https://auto.drom.ru/volgograd/geely/emgrand/513993451.html;1.5 л (98 л.с.), бензин, механика, передний, 137 241 км;Волгоград;499 000₽
Geely Emgrand EC7, 2014;https://auto.drom.ru/chelyabinsk/geely/emgrand/380823888.html;1.8 л (126 л.с.), бензин, вариатор, передний, 270 000 км;Челябинск;175 000₽
Geely Emgrand EC7, 2014;https://auto.drom.ru/tyumen/geely/emgrand/508500976.html;1.8 л (126 л.с.), бензин, механика, передний, 89 000 км;Тюмень;550 000₽
